"","badgood"
"1","sneak peek"
"2","impossible "
"3","lazy sunday"
"4","desperate housewives"
"5","cold beer"
"6","guilty pleasure"
"7","belated birthday"
"8","bad not"
"9","scrambled eggs"
"10","dark side"
"11","fried rice"
"12","loses bet"
"13","loss weight"
"14","rascal flatts"
"15","funny too"
"16","funny soo"
"17","worry dont"
"18","wrong nothing"
"19","hard working"
"20","missed ve"
"21","skinny jeans"
"22","breaking dawn"
"23","sneak peak"
"24","worry dont"
"25","lazy sunday"
"26","bad ass"
"27","pan peter"
"28","dark chocolate"
"29","funny very"
"30","guilty feel"
"31","fails never"
"32","frozen yogurt"
"33","vice versa"
"34","cold ice"
"35","funny sooo"
"36","fried chicken"
"37","wrong nothing"
"38","trouble having"
"39","funny thats"
"40","bomb da"
"41","tank top"
"42","sick feeling"
"43","lie gonna"
"44","anxiously awaiting"
"45","lost long"
"46","fail never"
"47","sorry feel"
"48","bad either"
"49","cancer breast"
"50","funny soooo"
"51","chill gonna"
"52","underestimate never"
"53","squeaky clean"
"54","overdue long"
"55","peeled eyes"
"56","problem solved"
"57","freaking a"
"58","rocky road"
"59","sick feel"
"60","rejects alla"
"61","stress reliever"
"62","hard working"
"63","alarm went"
"64","hard worked"
"65","damn straight"
"66","limited edition"
"67","problems having"
"68","losing weight"
"69","hell yea"
"70","cold shower"
"71","punch fruit"
"72","fails else"
"73","din dins"
"74","funny kinda"
"75","desperate need"
"76","lazy saturday"
"77","crazy postcards"
"78","dull "
"79","funny quite"
"80","boil crawfish"
"81","jealous Be"
"82","wild wings"
"83","hard core"
"84","weird kinda"
"85","rejects a"
"86","frown upside"
"87","bumps goose"
"88","hurt doesnt"
"89","desperately need"
"90","addicted totally"
"91","silly goose"
"92","crap holy"
"93","shake shake"
"94","belated happy"
"95","jam session"
"96","cloud 9"
"97","shake shake"
"98","complaining not"
"99","evil resident"
"100","punk rock"
"101","hate dont"
"102","regret wont"
"103","hang lets"
"104","complain cant"
"105","cloud nine"
"106","die hard"
"107","belated bday"
"108","hard die"
"109","bad half"
"110","worry bout"
"111","trap parent"
"112","tired feel"
"113","lemon curd"
"114","wild child"
"115","dark knight"
"116","crack open"
"117","complain cant"
"118","bomb diggity"
"119","lazy sundays"
"120","freaking cute"
"121","hurts never"
"122","hard study"
"123","dark theater"
"124","fiction science"
"125","anxiously waiting"
"126","cold glass"
"127","dark brown"
"128","guilty pleasures"
"129","isolated incident"
"130","issue latest"
"131","miss dont"
"132","blame dont"
"133","breakdown century"
"134","decay urban"
"135","tired feeling"
"136","pokey hokey"
"137","fudge hot"
"138","stress free"
"139","affliction a"
"140","stumble upon"
"141","fuzzy inside"
"142","died phone"
"143","douche bag"
"144","crisis identity"
"145","fucking hilarious"
"146","death cab"
"147","mindless entertain"
"148","butt butt"
"149","butt butt"
"150","tense past"
"151","fried deep"
"152","complaining stop"
"153","bad boy"
"154","slow ja"
"155","suck without"
"156","damn Pretty"
"157","funny hella"
"158","funny guy"
"159","mysterious ways"
"160","drunk dialing"
"161","damn funny"
"162","lazy ass"
"163","funny da"
"164","trouble causing"
"165","knock e"
"166","hard worker"
"167","dirty dancing"
"168","devil wears"
"169","criminal "
"170","shit stupid"
"171","dead e"
"172","wrong looks"
"173","guilty feeling"
"174","rhetorical question"
"175","hurt never"
"176","evil laugh"
"177","ding dongs"
"178","mess hot"
"179","lies ahead"
"180","hard enough"
"181","dumb feel"
"182","cloud co"
"183","blind eye"
"184","errors gra"
"185","sneak preview"
"186","sad feel"
"187","freaking excited"
"188","struck star"
"189","sour patch"
"190","funny Pretty"
"191","awful lot"
"192","murder "
"193","mystery "
"194","dead drop"
"195","belated bday"
"196","sorry oops"
"197","fear never"
"198","doubt highly"
"199","break long"
"200","cheat sheet"
"201","bloody "
"202","loser biggest"
"203","drunken tweets"
"204","motley crue"
"205","blind shout"
"206","hard rock"
"207","punch tropical"
"208","shameless plugging"
"209","oddly enough"
"210","delayed response"
"211","pain au"
"212","aggressive passive"
"213","passive aggressive"
"214","gritty nitty"
"215","peeve pet"
"216","wild Buffalo"
"217","kill anyone"
"218","slap bitch"
"219","worry dnt"
"220","death note"
"221","lazy days"
"222","wild buffalo"
"223","mashed potato"
"224","warning label"
"225","freaking hilarious"
"226","stumbled across"
"227","vanity URL"
"228","limit char"
"229","lost without"
"230","funnily enough"
"231","bored bored"
"232","worse lot"
"233","falls niagara"
"234","fuzzy feeling"
"235","freak control"
"236","break coffee"
"237","fake id"
"238","manic Monday"
"239","dirty "
"240","loose ends"
"241","issues having"
"242","warning fair"
"243","cold stone"
"244","monster trucks"
"245","mad skills"
"246","shabby either"
"247","louder speak"
"248","damn sexy"
"249","cold pizza"
"250","fried egg"
"251","bad actually"
"252","stumbled upon"
"253","shameless plug"
"254","funny sooooo"
"255","joke inside"
"256","lost another"
"257","conspiracy theorists"
"258","hurts Never"
"259","lonely feel"
"260","bad afterall"
"261","fictional characters"
"262","silly question"
"263","damn cute"
"264","loose weight"
"265","jack bauer"
"266","bug spray"
"267","shame For"
"268","silly boy"
"269","bad not"
"270","obsessive co"
"271","compulsive obsessive"
"272","illegal downloads"
"273","funny ass"
"274","pain less"
"275","loose let"
"276","deadly sins"
"277","freeze brain"
"278","wild vs"
"279","fell lion"
"280","falls asleep"
"281","trick question"
"282","burned calories"
"283","kills gla"
"284","sad sad"
"285","frozen grapes"
"286","funny fucking"
"287","hate usually"
"288","tired tired"
"289","pan quotpeter"
"290","sad sad"
"291","obnoxiously loud"
"292","loud obnoxiously"
"293","death penalty"
"294","penalty death"
"295","crushed ice"
"296","worry dun"
"297","lonely island"
"298","shame da"
"299","criticism constructive"
"300","stress relieve"
"301","death grip"
"302","cold "
"303","dark hair"
"304","mistake spelling"
"305","stupid feel"
"306","trash talking"
"307","enemy lines"
"308","sneak "
"309","shake chocolate"
"310","funny very"
"311","hard partying"
"312","temptation resisting"
"313","burning fire"
"314","negative thoughts"
"315","suspicion sneaky"
"316","sneaky suspicion"
"317","break quick"
"318","doom doo"
"319","dead e"
"320","funny How"
"321","sick any"
"322","doom doo"
"323","hang gonna"
"324","chill pill"
"325","unexpected surprise"
"326","isolated cooks"
"327","crash gonna"
"328","lazy bones"
"329","fall rain"
"330","bloody a"
"331","error user"
"332","worries no"
"333","lazy Being"
"334","fever ray"
"335","funny sounds"
"336","hang Wanna"
"337","dirty "
"338","fake eyelashes"
"339","issue June"
"340","damn skippy"
"341","shock culture"
"342","freaking adorable"
"343","dumb blonde"
"344","desperate housewife"
"345","anxiously waiting"
"346","fuzzy war"
"347","fat low"
"348","crazy lady"
"349","sour straps"
"350","lie long"
"351","scorching heat"
"352","dust fairy"
"353","boring without"
"354","funny videos"
"355","scary kinda"
"356","scathingly disdainful"
"357","disdainful scathingly"
"358","incomplete without"
"359","losing without"
"360","die never"
"361","slowly beco"
"362","die could"
"363","awfully crazy"
"364","terrible speller"
"365","shady sli"
"366","crazy awfully"
"367","lazy weekend"
"368","curse word"
"369","broke leg"
"370","drunk ass"
"371","tout le"
"372","knock knock"
"373","randomly ipods"
"374","knock knock"
"375","monster cookie"
"376","din ikaw"
"377","sour skittles"
"378","proprietary software"
"379","crazy weekend"
"380","mad props"
"381","weird feel"
"382","break short"
"383","risks taking"
"384","bomb jager"
"385","stupid shit"
"386","fat fingers"
"387","mockery prophetic"
"388","weird sounds"
"389","impatiently awaiting"
"390","funny face"
"391","addicted officially"
"392","cancer bats"
"393","disappoints never"
"394","loss "
"395","strike counter"
"396","miss never"
"397","sneak peaks"
"398","spoil yourself"
"399","lazy git"
"400","hate working"
"401","compulsive reallyn"
"402","blow dry"
"403","freakishly tall"
"404","crazy week"
"405","miss anything"
"406","peek sneak"
"407"," impossible"
"408","sunday lazy"
"409","housewives desperate"
"410","beer cold"
"411","pleasure guilty"
"412","birthday belated"
"413","not bad"
"414","eggs scrambled"
"415","side dark"
"416","rice fried"
"417","bet loses"
"418","weight loss"
"419","flatts rascal"
"420","too funny"
"421","soo funny"
"422","dont worry"
"423","nothing wrong"
"424","working hard"
"425","ve missed"
"426","jeans skinny"
"427","dawn breaking"
"428","peak sneak"
"429","dont worry"
"430","sunday lazy"
"431","ass bad"
"432","peter pan"
"433","chocolate dark"
"434","very funny"
"435","feel guilty"
"436","never fails"
"437","yogurt frozen"
"438","versa vice"
"439","ice cold"
"440","sooo funny"
"441","chicken fried"
"442","nothing wrong"
"443","having trouble"
"444","thats funny"
"445","da bomb"
"446","top tank"
"447","feeling sick"
"448","gonna lie"
"449","awaiting anxiously"
"450","long lost"
"451","never fail"
"452","feel sorry"
"453","either bad"
"454","breast cancer"
"455","soooo funny"
"456","gonna chill"
"457","never underestimate"
"458","clean squeaky"
"459","long overdue"
"460","eyes peeled"
"461","solved problem"
"462","a freaking"
"463","road rocky"
"464","feel sick"
"465","alla rejects"
"466","reliever stress"
"467","working hard"
"468","went alarm"
"469","worked hard"
"470","straight damn"
"471","edition limited"
"472","having problems"
"473","weight losing"
"474","yea hell"
"475","shower cold"
"476","fruit punch"
"477","else fails"
"478","dins din"
"479","kinda funny"
"480","need desperate"
"481","saturday lazy"
"482","postcards crazy"
"483"," dull"
"484","quite funny"
"485","crawfish boil"
"486","Be jealous"
"487","wings wild"
"488","core hard"
"489","kinda weird"
"490","a rejects"
"491","upside frown"
"492","goose bumps"
"493","doesnt hurt"
"494","need desperately"
"495","totally addicted"
"496","goose silly"
"497","holy crap"
"498","shake shake"
"499","happy belated"
"500","session jam"
"501","9 cloud"
"502","shake shake"
"503","not complaining"
"504","resident evil"
"505","rock punk"
"506","dont hate"
"507","wont regret"
"508","lets hang"
"509","cant complain"
"510","nine cloud"
"511","hard die"
"512","bday belated"
"513","die hard"
"514","half bad"
"515","bout worry"
"516","parent trap"
"517","feel tired"
"518","curd lemon"
"519","child wild"
"520","knight dark"
"521","open crack"
"522","cant complain"
"523","diggity bomb"
"524","sundays lazy"
"525","cute freaking"
"526","never hurts"
"527","study hard"
"528","theater dark"
"529","science fiction"
"530","waiting anxiously"
"531","glass cold"
"532","brown dark"
"533","pleasures guilty"
"534","incident isolated"
"535","latest issue"
"536","dont miss"
"537","dont blame"
"538","century breakdown"
"539","urban decay"
"540","feeling tired"
"541","hokey pokey"
"542","hot fudge"
"543","free stress"
"544","a affliction"
"545","upon stumble"
"546","inside fuzzy"
"547","phone died"
"548","bag douche"
"549","identity crisis"
"550","hilarious fucking"
"551","cab death"
"552","entertain mindless"
"553","butt butt"
"554","butt butt"
"555","past tense"
"556","deep fried"
"557","stop complaining"
"558","boy bad"
"559","ja slow"
"560","without suck"
"561","Pretty damn"
"562","hella funny"
"563","guy funny"
"564","ways mysterious"
"565","dialing drunk"
"566","funny damn"
"567","ass lazy"
"568","da funny"
"569","causing trouble"
"570","e knock"
"571","worker hard"
"572","dancing dirty"
"573","wears devil"
"574"," criminal"
"575","stupid shit"
"576","e dead"
"577","looks wrong"
"578","feeling guilty"
"579","question rhetorical"
"580","never hurt"
"581","laugh evil"
"582","dongs ding"
"583","hot mess"
"584","ahead lies"
"585","enough hard"
"586","feel dumb"
"587","co cloud"
"588","eye blind"
"589","gra errors"
"590","preview sneak"
"591","feel sad"
"592","excited freaking"
"593","star struck"
"594","patch sour"
"595","Pretty funny"
"596","lot awful"
"597"," murder"
"598"," mystery"
"599","drop dead"
"600","bday belated"
"601","oops sorry"
"602","never fear"
"603","highly doubt"
"604","long break"
"605","sheet cheat"
"606"," bloody"
"607","biggest loser"
"608","tweets drunken"
"609","crue motley"
"610","shout blind"
"611","rock hard"
"612","tropical punch"
"613","plugging shameless"
"614","enough oddly"
"615","response delayed"
"616","au pain"
"617","passive aggressive"
"618","aggressive passive"
"619","nitty gritty"
"620","pet peeve"
"621","Buffalo wild"
"622","anyone kill"
"623","bitch slap"
"624","dnt worry"
"625","note death"
"626","days lazy"
"627","buffalo wild"
"628","potato mashed"
"629","label warning"
"630","hilarious freaking"
"631","across stumbled"
"632","URL vanity"
"633","char limit"
"634","without lost"
"635","enough funnily"
"636","bored bored"
"637","lot worse"
"638","niagara falls"
"639","feeling fuzzy"
"640","control freak"
"641","coffee break"
"642","id fake"
"643","Monday manic"
"644"," dirty"
"645","ends loose"
"646","having issues"
"647","fair warning"
"648","stone cold"
"649","trucks monster"
"650","skills mad"
"651","either shabby"
"652","speak louder"
"653","sexy damn"
"654","pizza cold"
"655","egg fried"
"656","actually bad"
"657","upon stumbled"
"658","plug shameless"
"659","sooooo funny"
"660","inside joke"
"661","another lost"
"662","theorists conspiracy"
"663","Never hurts"
"664","feel lonely"
"665","afterall bad"
"666","characters fictional"
"667","question silly"
"668","cute damn"
"669","weight loose"
"670","bauer jack"
"671","spray bug"
"672","For shame"
"673","boy silly"
"674","not bad"
"675","co obsessive"
"676","obsessive compulsive"
"677","downloads illegal"
"678","ass funny"
"679","less pain"
"680","let loose"
"681","sins deadly"
"682","brain freeze"
"683","vs wild"
"684","lion fell"
"685","asleep falls"
"686","question trick"
"687","calories burned"
"688","gla kills"
"689","sad sad"
"690","grapes frozen"
"691","fucking funny"
"692","usually hate"
"693","tired tired"
"694","quotpeter pan"
"695","sad sad"
"696","loud obnoxiously"
"697","obnoxiously loud"
"698","penalty death"
"699","death penalty"
"700","ice crushed"
"701","dun worry"
"702","island lonely"
"703","da shame"
"704","constructive criticism"
"705","relieve stress"
"706","grip death"
"707"," cold"
"708","hair dark"
"709","spelling mistake"
"710","feel stupid"
"711","talking trash"
"712","lines enemy"
"713"," sneak"
"714","chocolate shake"
"715","very funny"
"716","partying hard"
"717","resisting temptation"
"718","fire burning"
"719","thoughts negative"
"720","sneaky suspicion"
"721","suspicion sneaky"
"722","quick break"
"723","doo doom"
"724","e dead"
"725","How funny"
"726","any sick"
"727","doo doom"
"728","gonna hang"
"729","pill chill"
"730","surprise unexpected"
"731","cooks isolated"
"732","gonna crash"
"733","bones lazy"
"734","rain fall"
"735","a bloody"
"736","user error"
"737","no worries"
"738","Being lazy"
"739","ray fever"
"740","sounds funny"
"741","Wanna hang"
"742"," dirty"
"743","eyelashes fake"
"744","June issue"
"745","skippy damn"
"746","culture shock"
"747","adorable freaking"
"748","blonde dumb"
"749","housewife desperate"
"750","waiting anxiously"
"751","war fuzzy"
"752","low fat"
"753","lady crazy"
"754","straps sour"
"755","long lie"
"756","heat scorching"
"757","fairy dust"
"758","without boring"
"759","videos funny"
"760","kinda scary"
"761","disdainful scathingly"
"762","scathingly disdainful"
"763","without incomplete"
"764","without losing"
"765","never die"
"766","beco slowly"
"767","could die"
"768","crazy awfully"
"769","speller terrible"
"770","sli shady"
"771","awfully crazy"
"772","weekend lazy"
"773","word curse"
"774","leg broke"
"775","ass drunk"
"776","le tout"
"777","knock knock"
"778","ipods randomly"
"779","knock knock"
"780","cookie monster"
"781","ikaw din"
"782","skittles sour"
"783","software proprietary"
"784","weekend crazy"
"785","props mad"
"786","feel weird"
"787","short break"
"788","taking risks"
"789","jager bomb"
"790","shit stupid"
"791","fingers fat"
"792","prophetic mockery"
"793","sounds weird"
"794","awaiting impatiently"
"795","face funny"
"796","officially addicted"
"797","bats cancer"
"798","never disappoints"
"799"," loss"
"800","counter strike"
"801","never miss"
"802","peaks sneak"
"803","yourself spoil"
"804","git lazy"
"805","working hate"
"806","reallyn compulsive"
"807","dry blow"
"808","tall freakishly"
"809","week crazy"
"810","anything miss"
