"","goodgood"
"1","happy birthday"
"2","better feel"
"3","ready getting"
"4","fun have"
"5","sweet drea"
"6","great weekend"
"7","fun having"
"8","better feeling"
"9","bless god"
"10","good ti"
"11","good sounds"
"12","free feel"
"13","well went"
"14","happy "
"15","love d"
"16","â™¥ â™¥"
"17","â™¥ â™¥"
"18","thank god"
"19","love gotta"
"20","well goes"
"21","safe trip"
"22","good news"
"23","swift taylor"
"24","good "
"25","good idea"
"26","free feel"
"27","woo hoo"
"28","happy "
"29","best friends"
"30","nice very"
"31","safe flight"
"32","good job"
"33","good feels"
"34","great job"
"35","amazing "
"36","boom boo"
"37","boom boo"
"38","well sleep"
"39","super excited"
"40","excited super"
"41","bless god"
"42","happy bday"
"43","good weekend"
"44","free shareholder"
"45","woo hoo"
"46","welcome "
"47","good feel"
"48","good evening"
"49","great idea"
"50","awards "
"51","thank why"
"52","good sounds"
"53","good looks"
"54","appreciated "
"55","good afternoon"
"56","cool very"
"57","thank why"
"58","best part"
"59","bright side"
"60","cute sooo"
"61","great looks"
"62","great week"
"63","excited sooo"
"64","important "
"65","fair enough"
"66","enough fair"
"67","enough long"
"68","thank God"
"69","awards MTV"
"70","good thats"
"71","love We"
"72","fun Had"
"73","thank goodness"
"74","goodness thank"
"75","cashback ï½25"
"76","great sounds"
"77","super cute"
"78","cute super"
"79","hero guitar"
"80","beautiful "
"81","hot chocolate"
"82","pretty da"
"83","work hard"
"84","ready gettin"
"85","fresh air"
"86","good says"
"87","won diversity"
"88","goodness Thank"
"89","cute soo"
"90","recommend highly"
"91","love Would"
"92","good da"
"93","awesome thats"
"94","good ol"
"95","good feeling"
"96","appreciated greatly"
"97","pretty funny"
"98","well deserved"
"99","love absolutely"
"100","exciting How"
"101","excited soo"
"102","better lot"
"103","happy sooo"
"104","great news"
"105","smiling stop"
"106","wow Oh"
"107","awards choice"
"108","hot tub"
"109","won Diversity"
"110","cool thats"
"111","great look"
"112","safe Be"
"113","good point"
"114","pleasure guilty"
"115","good choice"
"116","excited SO"
"117","nice weekend"
"118","wonderful weekend"
"119","happy soo"
"120","good co"
"121","fun sounds"
"122","good food"
"123","love those"
"124","best way"
"125","good sooo"
"126","well worth"
"127","advantage take"
"128","better Much"
"129","good nite"
"130","idol a"
"131","better nothing"
"132","good way"
"133","love Much"
"134","fun ti"
"135","boom 4hours"
"136","good Feels"
"137","worth totally"
"138","excited soooo"
"139","loving life"
"140","awesome looks"
"141","beautiful weather"
"142","good plan"
"143","cute soooo"
"144","excited Super"
"145","pleasantly surprised"
"146","â™¥ â™¥â™¥"
"147","beautiful sunny"
"148","love FF"
"149","good "
"150","good friends"
"151","glad I"
"152","amazing looks"
"153","good soooo"
"154","enough Fair"
"155","nice "
"156","good friend"
"157","best wishes"
"158","great evening"
"159","cool super"
"160","dawn breaking"
"161","boom pow"
"162","amazing absolutely"
"163","fun Having"
"164","free download"
"165","thank aww"
"166","awesome sounds"
"167","awards Movie"
"168","cute little"
"169","safe journey"
"170","excited Very"
"171","nice pic"
"172","great "
"173","pleasant surprise"
"174","welcome quite"
"175","great Sunday"
"176","good old"
"177","great way"
"178","good Very"
"179","pretty looks"
"180","love these"
"181","awesome fucking"
"182","good vibes"
"183","good taste"
"184","good book"
"185","right away"
"186","pretty darn"
"187","cool soo"
"188","favorite songs"
"189","positive energy"
"190","beautiful Another"
"191","happy anniversary"
"192","pretty a"
"193","love youu"
"194","positive vibes"
"195","great "
"196","favorite part"
"197","good laugh"
"198","good Pretty"
"199","happy bday"
"200","nice sounds"
"201","accomplished Mission"
"202","appreciate Really"
"203","lighter note"
"204","lovely evening"
"205","great friends"
"206","love su"
"207","lovely weather"
"208","safe travels"
"209","happy sunday"
"210","favorite person"
"211","top "
"212","fond "
"213","great feel"
"214","pretty sweet"
"215","won Lakers"
"216","smiling Keep"
"217","afford could"
"218","fun super"
"219","smiling keep"
"220","proud owner"
"221","awesome totally"
"222","awesome weekend"
"223","enjoyed thoroughly"
"224","great feels"
"225","pretty excited"
"226","good quite"
"227","thank awww"
"228","happy Very"
"229","lead singer"
"230","top 10"
"231","hot hot"
"232","hot hot"
"233","nice relaxing"
"234","love Harry"
"235","well quite"
"236","great start"
"237","good cause"
"238","cool "
"239","gorgeous look"
"240","well wishes"
"241","welcome youre"
"242","love youuu"
"243","happy "
"244","great feeling"
"245","thank youuu"
"246","fortune cookie"
"247","favorite "
"248","awesome freaking"
"249","happy soooo"
"250","good start"
"251","work till"
"252","loved feel"
"253","cool Pretty"
"254","best place"
"255","correct spelling"
"256","great weather"
"257","nice guy"
"258","sweet How"
"259","nice cup"
"260","good deed"
"261","good "
"262","hot shower"
"263","better "
"264","nice looks"
"265","lovely weekend"
"266","pretty sounds"
"267","recommended Highly"
"268","worked It"
"269","hot dogs"
"270","praise God"
"271","cool How"
"272","super stoked"
"273","nice surprise"
"274","well rested"
"275","good workout"
"276","amazing person"
"277","cool sounds"
"278","free wifi"
"279","better MUCH"
"280","lovely sunny"
"281","interesting Very"
"282","great thats"
"283","nice evening"
"284","win gonna"
"285","nice picture"
"286","worth definitely"
"287","enjoyed Really"
"288","welcome Ur"
"289","cute look"
"290","top tank"
"291","happy hour"
"292","love waking"
"293","wonderful evening"
"294","amazing weekend"
"295","thank youu"
"296","happy super"
"297","positive stay"
"298","right direction"
"299","wise words"
"300","adore absolutely"
"301","good SO"
"302","good Looks"
"303","warm weather"
"304","great "
"305","nice super"
"306","awesome job"
"307","love i"
"308","enjoy yourself"
"309","excited Sooo"
"310","favor por"
"311","interesting sounds"
"312","pretty look"
"313","gorgeous absolutely"
"314","fun Sounds"
"315","enough close"
"316","amazing fucking"
"317","better Nothing"
"318","work yard"
"319","love fucking"
"320","nicely along"
"321","love Sundays"
"322","nice seeing"
"323","love reading"
"324","happy belated"
"325","works It"
"326","work Nice"
"327","favorite band"
"328","free "
"329","support Electrik"
"330","love e"
"331","loved Brokeback"
"332","cute Very"
"333","fun havin"
"334","glad diversity"
"335","nice long"
"336","loves She"
"337","excited sooooo"
"338","great "
"339","sweet Ho"
"340","well feeling"
"341","luck good"
"342","nice quite"
"343","love Brokeback"
"344","good deal"
"345","lovely sounds"
"346","boost ego"
"347","soft spot"
"348","fans FBR"
"349","fun weekend"
"350","amazing singer"
"351","good soo"
"352","happy thoughts"
"353","fun Fun"
"354","lovely ladies"
"355","great Sounds"
"356","pretty rad"
"357","amazing boyfriend"
"358","great seeing"
"359","amazing voice"
"360","clean squeaky"
"361","yay yay"
"362","enjoy reading"
"363","advantage taking"
"364","win Lakers"
"365","thank Aww"
"366","thank youuuu"
"367","fresh prince"
"368","thank aw"
"369","good Thats"
"370","accomplished feel"
"371","recommended highly"
"372","positive attitude"
"373","great trip"
"374","top 5"
"375","beautiful Sunday"
"376","amazing look"
"377","popular "
"378","loves He"
"379","better Feeling"
"380","win situation"
"381","well spent"
"382","amazing freaking"
"383","pretty cute"
"384","right thats"
"385","nice trip"
"386","work leave"
"387","glad so"
"388","good weather"
"389","unlimited texting"
"390","love having"
"391","better Even"
"392","good flight"
"393","hot pink"
"394","cool totally"
"395","love seeing"
"396","pretty bad"
"397","beauty sleep"
"398","welcome war"
"399","pretty neat"
"400","cool breeze"
"401","lovely lady"
"402","recommendations Self"
"403","enjoying life"
"404","great place"
"405","love brokeback"
"406","nice job"
"407","good reason"
"408","perfect weather"
"409","work Off"
"410","good advice"
"411","ready al"
"412","happy SO"
"413","patiently waiting"
"414","wonderful Sunday"
"415","cool Oh"
"416","pretty easy"
"417","smooth sailing"
"418","worked hard"
"419","glad SO"
"420","pretty feeling"
"421","good ole"
"422","great Saturday"
"423","mighty fine"
"424","fine "
"425","fantastic weekend"
"426","pure bliss"
"427","good All"
"428","gorgeous weather"
"429","better everything"
"430","bliss pure"
"431","bless aww"
"432","sweet potato"
"433","happy extre"
"434","great co"
"435","won Norway"
"436","nice Its"
"437","easier lot"
"438","awesome "
"439","cute pic"
"440","gold star"
"441","great Another"
"442","nice place"
"443","nice walk"
"444","creative juices"
"445","ready Get"
"446","good surprisingly"
"447","happy Sunday"
"448","won BGT"
"449","great sunday"
"450","cool sooo"
"451","thank Well"
"452","good "
"453","safely landed"
"454","great article"
"455","excited I"
"456","patiently waiting"
"457","awesome Thats"
"458","success huge"
"459","cute kinda"
"460","cute How"
"461","better place"
"462","swift Taylor"
"463","progress "
"464","nice thats"
"465","enough Funnily"
"466","wonderful world"
"467","good darn"
"468","better way"
"469","positive thoughts"
"470","amazing truly"
"471","cute together"
"472","win win"
"473","amazing sounds"
"474","cool looks"
"475","cute thats"
"476","win win"
"477","pretty lady"
"478","nice Always"
"479","safe stay"
"480","wonders does"
"481","productive week"
"482","good trip"
"483","love youquot"
"484","amazing si"
"485","pretty decent"
"486","thank YOU"
"487","glorious sunshine"
"488","well Rest"
"489","won tea"
"490","perfect ti"
"491","free food"
"492","beautiful look"
"493","positive thinking"
"494","better tastes"
"495","safely arrived"
"496","happy friday"
"497","praising God"
"498","welcome aboard"
"499","wonderful "
"500","great food"
"501","good question"
"502","fun hella"
"503","excellent "
"504","cute Too"
"505","properly working"
"506","bonus added"
"507","perfectly fine"
"508","fine perfectly"
"509","loves brazil"
"510","support Please"
"511","love sundays"
"512","holy "
"513","favorite allti"
"514","celebration bday"
"515","happy sooooo"
"516","top notch"
"517","hot da"
"518","happy feel"
"519","wins Federer"
"520","fabulous weekend"
"521","hot bath"
"522","well rest"
"523","smart ass"
"524","fun filled"
"525","best kind"
"526","safe Stay"
"527","thrift store"
"528","loves Brazil"
"529","cool soooo"
"530","excited Soooo"
"531","positive note"
"532","nice soo"
"533","awesome super"
"534","exciting sounds"
"535","beautiful absolutely"
"536","pretty feel"
"537","great went"
"538","nice person"
"539","comfy bed"
"540","glow sticks"
"541","grand sla"
"542","love yall"
"543","free shipping"
"544","nice sunny"
"545","charming prince"
"546","sweet 16"
"547","stunning absolutely"
"548","great Monday"
"549","good rest"
"550","accomplished "
"551","ready Gettin"
"552","amazing actress"
"553","good felt"
"554","loved seeing"
"555","works wonders"
"556","exciting Very"
"557","excited uber"
"558","sweet sixteen"
"559","great taste"
"560","happy days"
"561","great fil"
"562","wonderful sounds"
"563","prefer d"
"564","excited Really"
"565","wonders works"
"566","well hello"
"567","nice way"
"568","won We"
"569","appreciate greatly"
"570","refreshed feel"
"571","well said"
"572","love story"
"573","hilarious fucking"
"574","beautiful looks"
"575","recommendation Friday"
"576","good whats"
"577","lovely wife"
"578","cool kids"
"579","fun hanging"
"580","beauty rest"
"581","fav "
"582","favorite place"
"583","happy incredibly"
"584","delicious "
"585","super hot"
"586","love e"
"587","hot super"
"588","worth Totally"
"589","good Feeling"
"590","good week"
"591","gorgeous Another"
"592","nice change"
"593","love totally"
"594","happy endings"
"595","good seeing"
"596","great dinner"
"597","excited quite"
"598","cute Super"
"599","good excuse"
"600","great workout"
"601","great Thats"
"602","better late"
"603","gorgeous looks"
"604","top ten"
"605","good s"
"606","beautiful wedding"
"607","pretty close"
"608","hail All"
"609","love hearing"
"610","thank yous"
"611","fun playing"
"612","safe Drive"
"613","awesome freakin"
"614","good sooooo"
"615","love ebay"
"616","well slept"
"617","pleased quite"
"618","warm fuzzies"
"619","great advice"
"620","happy I"
"621","great guy"
"622","cute couple"
"623","nice drea"
"624","top secret"
"625","hot date"
"626","nice glass"
"627","favorite boys"
"628","beautiful voice"
"629","fans biggest"
"630","recommend Highly"
"631","comfy couch"
"632","amazing Its"
"633","lovely Sunday"
"634","work hard"
"635","love saturdays"
"636","hot topic"
"637","enjoyed ve"
"638","free gluten"
"639","excited beyond"
"640","awesome look"
"641","great actress"
"642","love "
"643","love Mondays"
"644","nice stays"
"645","grateful eternally"
"646","greatest hits"
"647","love thee"
"648","best nights"
"649","appreciate We"
"650","beautiful place"
"651","love id"
"652","great actor"
"653","work week"
"654","well Very"
"655","cool kinda"
"656","clear blue"
"657","amazing job"
"658","perfect co"
"659","nice feels"
"660","good boy"
"661","beautiful sunshine"
"662","pleasant drea"
"663","won Federer"
"664","best da"
"665","love i"
"666","fans brazilian"
"667","recommendation FF"
"668","pretty hot"
"669","beautiful Saturday"
"670","happy early"
"671","clean sheets"
"672","good word"
"673","warm "
"674","love i"
"675","fabulous look"
"676","fun have"
"677","genial es"
"678","good fil"
"679","appreciate d"
"680","promising looks"
"681","fresh strawberries"
"682","fine working"
"683","great quote"
"684","excited bout"
"685","positive feedback"
"686","enjoying thoroughly"
"687","super dooper"
"688","good singer"
"689","delicious looks"
"690","helping us"
"691","interesting looks"
"692","cute picture"
"693","good jolly"
"694","coolest person"
"695","interesting quite"
"696","great nite"
"697","good Always"
"698","happy quite"
"699","great Looks"
"700","loved absolutely"
"701","great role"
"702","sexy beast"
"703","cute freaking"
"704","great birthday"
"705","great looked"
"706","delicious dinner"
"707","famous beco"
"708","excellent idea"
"709","amazing shes"
"710","nice nap"
"711","fun kinda"
"712","great service"
"713","hilarious absolutely"
"714","good Really"
"715","great pic"
"716","best advice"
"717","free tickets"
"718","fair trade"
"719","recommended Get"
"720","amazing friends"
"721","smart cookie"
"722","good kar"
"723","glad sooo"
"724","happy b"
"725","happy saturday"
"726","beautiful sunday"
"727","awesome book"
"728","fun Was"
"729","favorite color"
"730","support group"
"731","worth Well"
"732","perfect way"
"733","love freaking"
"734","pure aweso"
"735","excited Getting"
"736","fun cheers"
"737","good lookin"
"738","awesomeness pure"
"739","good Feel"
"740","ready gettin"
"741","great daynight"
"742","good feeling"
"743","pretty dope"
"744","shine sun"
"745","adorable absolutely"
"746","lighter fluid"
"747","beautiful looked"
"748","love Friday"
"749","interesting Sounds"
"750","amazing looked"
"751","amusing quite"
"752","fair street"
"753","smoothly goes"
"754","love life"
"755","fresh start"
"756","pretty went"
"757","recommendation Tweet"
"758","good care"
"759","nice cold"
"760","pretty face"
"761","grand theft"
"762","encouraging words"
"763","love weddings"
"764","fast learner"
"765","love youuuu"
"766","safe Ho"
"767","smile biggest"
"768","powerful "
"769","cute da"
"770","smile s"
"771","pleased Very"
"772","enjoying Really"
"773","nicely together"
"774","smile s"
"775","good lookin"
"776","cool Really"
"777","beauty sleeping"
"778","works perfectly"
"779","hot fudge"
"780","clean slate"
"781","best thee"
"782","perfectly works"
"783","lovely sunday"
"784","free stress"
"785","good sir"
"786","refund tax"
"787","patient Be"
"788","amity affliction"
"789","sweet sooo"
"790","gratitude war"
"791","warm gratitude"
"792","sweet drea"
"793","better WAY"
"794","adorable "
"795","pretty stoked"
"796","loving I"
"797","beautiful city"
"798","ovation standing"
"799","good sleep"
"800","free ice"
"801","humble opinion"
"802","awesome How"
"803","cute boy"
"804","perfect sense"
"805","sweet sweet"
"806","happy returns"
"807","excited Soo"
"808","win epic"
"809","won $"
"810","sweet thats"
"811","best days"
"812","adore si"
"813","super sweet"
"814","free dra"
"815","wonderful week"
"816","grand opening"
"817","sweet super"
"818","creative writing"
"819","awesome Sounds"
"820","good nights"
"821","better so"
"822","woo hooo"
"823","cool peeps"
"824","hardy ed"
"825","good conversation"
"826","free drinks"
"827","good soooooo"
"828","promising sounds"
"829","brilliant idea"
"830","stunning looked"
"831","pretty interesting"
"832","love gotta"
"833","nice Sunday"
"834","breeze ocean"
"835","beautiful wife"
"836","good tunes"
"837","free coffee"
"838","glorious Another"
"839","works whatever"
"840","fine feel"
"841","cute SO"
"842","beautiful bride"
"843","great person"
"844","favor exchange"
"845","happy Monday"
"846","â™¥ ï"
"847","warm stay"
"848","lucky duck"
"849","delicious sounds"
"850","nice sunday"
"851","best absolute"
"852","promise pinky"
"853","love their"
"854","good sall"
"855","awards tony"
"856","enjoyed yourself"
"857","beautiful sunrise"
"858","nice hot"
"859","cute looks"
"860","wow wow"
"861","perfect "
"862","comfort zone"
"863","breeze sea"
"864","excited VERY"
"865","impressive Very"
"866","enough early"
"867","pretty fast"
"868","well behaved"
"869","work design"
"870","won britains"
"871","worth seeing"
"872","exciting week"
"873","well Be"
"874","fantastic looks"
"875","hot wings"
"876","good taste"
"877","lovely dinner"
"878","hot sauce"
"879","awesome freakin"
"880","better alot"
"881","hot chicks"
"882","best feeling"
"883","loved brokeback"
"884","pretty thats"
"885","award winning"
"886","winning award"
"887","treasure hunt"
"888","won ve"
"889","healthy breakfast"
"890","gold coast"
"891","perfect ending"
"892","good songs"
"893","perfect place"
"894","glad soo"
"895","smiling face"
"896","loving absolutely"
"897","nice lunch"
"898","good REALLY"
"899","favorite authors"
"900","excited SOOO"
"901","sexy da"
"902","good tastes"
"903","better slightly"
"904","romantic "
"905","thank GOD"
"906","great Its"
"907","appreciate truly"
"908","hot choco"
"909","important part"
"910","important "
"911","friendly eco"
"912","good price"
"913","great singer"
"914","enjoyed reading"
"915","good VERY"
"916","fun evening"
"917","safely drive"
"918","great band"
"919","worth checking"
"920","good I"
"921","cool guy"
"922","nice war"
"923","cute sooooo"
"924","bright sunny"
"925","won twilight"
"926","love living"
"927","happy dance"
"928","won Twilight"
"929","perfect snogging"
"930","perfect sounds"
"931","win Epic"
"932","delicious Sounds"
"933","good lifes"
"934","good sunday"
"935","hot looks"
"936","fav songs"
"937","best boyfriend"
"938","ready gettn"
"939","welcome anyti"
"940","great post"
"941","enjoy life"
"942","good Its"
"943","afford cant"
"944","mercy "
"945","beautiful wo"
"946","sweet soo"
"947","shiny shiny"
"948","shiny shiny"
"949","right bored"
"950","happier lot"
"951","entertaining quite"
"952","worth following"
"953","amazed constantly"
"954","talent final"
"955","talented writer"
"956","quiet Sunday"
"957","hot fuzz"
"958","love gonna"
"959","fav "
"960","better looks"
"961","fun sooo"
"962","safely Drive"
"963","hero super"
"964","super hero"
"965","recommend definitely"
"966","bright Up"
"967","hot "
"968","happy VERY"
"969","smile heart"
"970","easy peasy"
"971","enough Close"
"972","top 20"
"973","pretty exciting"
"974","nice Be"
"975","loves Jesus"
"976","work Great"
"977","magic bullet"
"978","enough hard"
"979","nice ring"
"980","better LOT"
"981","top 100"
"982","better sounds"
"983","pretty flowers"
"984","avid fan"
"985","top roof"
"986","right da"
"987","worked ve"
"988","good ol"
"989","nice pics"
"990","nice flight"
"991","great Feeling"
"992","fun "
"993","enjoying outside"
"994","hot cheetos"
"995","wonderful news"
"996","helpful tips"
"997","proud SO"
"998","excited freaking"
"999","tough job"
"1000","enjoy gonna"
"1001","better hurry"
"1002","good "
"1003","pretty sooo"
"1004","pretty i"
"1005","clean clean"
"1006","thank u"
"1007","welcome r"
"1008","hot kinda"
"1009","best "
"1010","clean clean"
"1011","enjoying yourself"
"1012","wonderful weather"
"1013","boom Boo"
"1014","love weekends"
"1015","wonderful boyfriend"
"1016","good exercise"
"1017","nice tan"
"1018","welcome hun"
"1019","better without"
"1020","welcome Most"
"1021","support us"
"1022","right probably"
"1023","good Looking"
"1024","lucky guy"
"1025","lovely pic"
"1026","well chuffed"
"1027","nicely quite"
"1028","right tired"
"1029","great tastes"
"1030","happy Friday"
"1031","trust never"
"1032","bright lights"
"1033","nice kinda"
"1034","impressed quite"
"1035","cool kid"
"1036","excited soooooo"
"1037","lovely How"
"1038","pretty epic"
"1039","nice dinner"
"1040","free WiFi"
"1041","win BGT"
"1042","good Sunday"
"1043","top trending"
"1044","cool da"
"1045","greatest worlds"
"1046","fantastic absolutely"
"1047","brilliant absolutely"
"1048","recommend d"
"1049","best weekend"
"1050","great Doing"
"1051","cool Thats"
"1052","timely "
"1053","fans Brazilian"
"1054","shiny suit"
"1055","awesome absolutely"
"1056","good "
"1057","amazing thats"
"1058","well rounded"
"1059","treasure spot"
"1060","exciting news"
"1061","lovely looks"
"1062","responsibly drink"
"1063","super sexy"
"1064","sexy super"
"1065","nice little"
"1066","best band"
"1067","great voice"
"1068","awesome fuckin"
"1069","favorite shows"
"1070","fans true"
"1071","favorite absolute"
"1072","positive side"
"1073","work "
"1074","delight turkish"
"1075","worth waiting"
"1076","support "
"1077","interesting tweets"
"1078","excited kinda"
"1079","good a"
"1080","best "
"1081","super power"
"1082","happy place"
"1083","great afternoon"
"1084","pleasure "
"1085","right spelling"
"1086","favorite "
"1087","amazing truely"
"1088","nice talking"
"1089","good fight"
"1090","fine Doing"
"1091","win lakers"
"1092","won Britains"
"1093","great feedback"
"1094","thank Aw"
"1095","great shots"
"1096","awesome soo"
"1097","better ti"
"1098","love fridays"
"1099","amazing r"
"1100","sparkling clean"
"1101","joy joy"
"1102","clean sparkling"
"1103","best songs"
"1104","enough oddly"
"1105","smile BIG"
"1106","sexy ass"
"1107","proud feel"
"1108","joy joy"
"1109","right choice"
"1110","interesting "
"1111","great flight"
"1112","happy Really"
"1113","creative "
"1114","good sleep"
"1115","works body"
"1116","welcome Youre"
"1117","pretty nifty"
"1118","pretty dang"
"1119","super "
"1120","great wkend"
"1121","better feelin"
"1122","cool beans"
"1123","best singer"
"1124","thank U"
"1125","cheer ca"
"1126","smart guy"
"1127","great photos"
"1128","beautiful pic"
"1129","bright future"
"1130","grateful Eternally"
"1131","nice How"
"1132","love thunderstor"
"1133","excellent taste"
"1134","magical powers"
"1135","perfectly reasonable"
"1136","breeze gentle"
"1137","gentle breeze"
"1138","quiet Saturday"
"1139","reasonable perfectly"
"1140","great ideas"
"1141","happy diversity"
"1142","fun a"
"1143","good quote"
"1144","wonder stevie"
"1145","love i"
"1146","healthy lifestyle"
"1147","free donut"
"1148","awesome news"
"1149","love yaa"
"1150","hot cup"
"1151","awesome friends"
"1152","smile everyti"
"1153","love finding"
"1154","wonderful Saturday"
"1155","prize nobel"
"1156","good Was"
"1157","happy face"
"1158","recommend anyone"
"1159","love Sending"
"1160","good Be"
"1161","trendy topic"
"1162","positive Stay"
"1163","good shit"
"1164","amazing actor"
"1165","awesome sooo"
"1166","perfect Sunday"
"1167","recommendations Any"
"1168","bright yellow"
"1169","hilarious freaking"
"1170","loves God"
"1171","favorite places"
"1172","amazingly beautiful"
"1173","enjoyable thoroughly"
"1174","best news"
"1175","good rather"
"1176","safe Travel"
"1177","beautiful a"
"1178","super pu"
"1179","fun quite"
"1180","favorite quotes"
"1181","well Doing"
"1182","hot look"
"1183","love true"
"1184","excited Soooooo"
"1185","great picture"
"1186","hot drinking"
"1187","ready gettting"
"1188","nice chat"
"1189","wonderful husband"
"1190","enough funnily"
"1191","super feel"
"1192","correct ter"
"1193","great felt"
"1194","award cere"
"1195","works That"
"1196","hilarious freakin"
"1197","lovely girlfriend"
"1198","angelic voice"
"1199","great Tuesday"
"1200","great su"
"1201","awesome Totally"
"1202","favorite singer"
"1203","refreshed Feeling"
"1204","lucky person"
"1205","proud soo"
"1206","happier note"
"1207","lucky nu"
"1208","great saturday"
"1209","smile huge"
"1210","right sitting"
"1211","beauty natural"
"1212","wholeheartedly agree"
"1213","fair warning"
"1214","fine da"
"1215","cool huh"
"1216","support each"
"1217","beautiful picture"
"1218","good wishes"
"1219","happy Mother"
"1220","stainless steel"
"1221","loves Argentina"
"1222","warm sunshine"
"1223","good feedback"
"1224","smiles All"
"1225","best second"
"1226","great such"
"1227","honored feel"
"1228","great "
"1229","best regards"
"1230","good knight"
"1231","brisk walk"
"1232","luck gd"
"1233","shine light"
"1234","wonderful Mother"
"1235","nice quiet"
"1236","award goes"
"1237","right Da"
"1238","best birthday"
"1239","excellent job"
"1240","mighty looking"
"1241","good Monday"
"1242","miracle worker"
"1243","bless God"
"1244","pleasure absolute"
"1245","nice choice"
"1246","successful Another"
"1247","good bloody"
"1248","good shape"
"1249","worth Definitely"
"1250","pretty Sounds"
"1251","fave songs"
"1252","helping others"
"1253","top 40"
"1254","won Best"
"1255","amazing weather"
"1256","beautiful spring"
"1257","fans Filipino"
"1258",":-} ThReE11FaN"
"1259",":-} ThReE11FaN"
"1260","nice view"
"1261","thank yoou"
"1262","cute lil"
"1263","delight Turkish"
"1264","proud Very"
"1265","pure genius"
"1266","pretty chill"
"1267","soft serve"
"1268","genius pure"
"1269","inspirational quotes"
"1270","productive VERY"
"1271","intriguing sounds"
"1272","work volunteer"
"1273","great wknd"
"1274","lovely voice"
"1275","good drea"
"1276","great resource"
"1277","wins Twilight"
"1278","romantic co"
"1279","well surprisingly"
"1280","glad Diversity"
"1281","fine totally"
"1282","best kiss"
"1283","excited SOO"
"1284","work find"
"1285","perfect sunday"
"1286","sweet deal"
"1287","happy ti"
"1288","free wifi"
"1289","cool Looks"
"1290","entertaining rather"
"1291","thank Awww"
"1292","better knowing"
"1293","good laughs"
"1294","lovely lunch"
"1295","gooood sounds"
"1296","talented extre"
"1297","favorite girls"
"1298","award MTV"
"1299","best fight"
"1300","pure a"
"1301","best person"
"1302","happy cuz"
"1303","welcome Very"
"1304","love effing"
"1305","pretty lucky"
"1306","win could"
"1307","enjoy "
"1308","love yah"
"1309","talent billy"
"1310","happy 25th"
"1311","awesome r"
"1312","nice background"
"1313","favorite personal"
"1314","thank awwww"
"1315","super easy"
"1316","hooray hip"
"1317","perfect exa"
"1318","beautiful sunset"
"1319","better wayyy"
"1320","easy super"
"1321","good heaps"
"1322","sparkling wine"
"1323","interesting conversation"
"1324","refreshing bath"
"1325","positive outlook"
"1326","fancy dress"
"1327","good "
"1328","loved totally"
"1329","great works"
"1330","strong coffee"
"1331","breathtakingly beautiful"
"1332","peach tea"
"1333","saver screen"
"1334","better person"
"1335","beautiful breathtakingly"
"1336","fav celebs"
"1337","merry christ"
"1338","right question"
"1339","heavenly sounds"
"1340","happy star"
"1341","love lazy"
"1342","lovely "
"1343","pretty see"
"1344","recommendations followfriday"
"1345","smiling Still"
"1346","good quality"
"1347","sweet pea"
"1348","lovely friends"
"1349","loves everybody"
"1350","excited extre"
"1351","pleasure Our"
"1352","hug virtual"
"1353","great conversation"
"1354","stunning look"
"1355","cool pic"
"1356","enjoyable quite"
"1357","nice conversation"
"1358","goood soooo"
"1359","wise decision"
"1360","cute dog"
"1361","gifted writer"
"1362","best buds"
"1363","pretty hilarious"
"1364","great event"
"1365","beautiful wo"
"1366","favorite episode"
"1367","decent half"
"1368","love "
"1369","entertaining Very"
"1370","welcome ure"
"1371","refreshed feeling"
"1372","work Finished"
"1373","proud quite"
"1374","great deals"
"1375","great book"
"1376","beautiful girlfriend"
"1377","boom cherry"
"1378","charm school"
"1379","progress Making"
"1380","love shopping"
"1381","smiles Sending"
"1382","good place"
"1383","love i"
"1384","recommend FF"
"1385","clear skies"
"1386","correct answer"
"1387","well oiled"
"1388","work together"
"1389","glorious weather"
"1390","available beco"
"1391","merry unbirthday"
"1392","well earned"
"1393","easy quite"
"1394","happy "
"1395","appreciate Would"
"1396","fine dining"
"1397","perfectly acceptable"
"1398","beautiful person"
"1399","trendy topics"
"1400","good life"
"1401","great friend"
"1402","spirited away"
"1403","awesome Its"
"1404","fresh fruits"
"1405","happy soooooo"
"1406","good nap"
"1407","amazing soo"
"1408","fans "
"1409","enjoy seeing"
"1410","enjoyable "
"1411","fantastic job"
"1412","awesomeness Pure"
"1413","brave Very"
"1414","â™¥ ï"
"1415","healthy snacks"
"1416","excited Too"
"1417","entertaining "
"1418","masters degree"
"1419","best "
"1420","nice sooo"
"1421","beautiful s"
"1422","hot yoga"
"1423","lucky lady"
"1424","fans McFly"
"1425","lover "
"1426","happy Always"
"1427","happier feel"
"1428","awesome "
"1429","goood soo"
"1430","loyal fans"
"1431","fans loyal"
"1432","pep rally"
"1433","exciting Sounds"
"1434","happy "
"1435","cute darn"
"1436","right botto"
"1437","fun "
"1438","top left"
"1439","beautiful rainbow"
"1440","intelligence artificial"
"1441","fast lane"
"1442","winning co"
"1443","nice drea"
"1444","cool Sounds"
"1445","liking Really"
"1446","love itt"
"1447","fair craft"
"1448","love talking"
"1449","lucky stars"
"1450","better waaay"
"1451","recommendation followfriday"
"1452","constructive criticis"
"1453","delicious look"
"1454","worth staying"
"1455","fav color"
"1456","pretty Its"
"1457","good eve"
"1458","clean roo"
"1459","great feeling"
"1460","proud soooo"
"1461","free lunch"
"1462","amazing beyond"
"1463","amusing rather"
"1464","recovery Speedy"
"1465","work gonna"
"1466","nice shot"
"1467","sweet heart"
"1468","happy cause"
"1469","awards Choice"
"1470","nice touch"
"1471","clears rain"
"1472","ready getting"
"1473","thank Oh"
"1474","best weekends"
"1475","love surprises"
"1476","great cause"
"1477","loves Everybody"
"1478","amazing guy"
"1479","well received"
"1480","fresh "
"1481","adorable little"
"1482","incredibly talented"
"1483","talented incredibly"
"1484","happy "
"1485","love "
"1486","nice na"
"1487","useful infor"
"1488","happy Saturday"
"1489","sexy "
"1490","interests co"
"1491","nicely ask"
"1492","sexy sexy"
"1493","goodness thank"
"1494","perfect weekend"
"1495","fresh "
"1496","sexy sexy"
"1497","awesome wicked"
"1498","happy die"
"1499","golden corral"
"1500","goodness Oh"
"1501","well As"
"1502","love followfriday"
"1503","love Fridays"
"1504","happy birthdayy"
"1505","incredible absolutely"
"1506","pretty bo"
"1507","works phone"
"1508","cool sooooo"
"1509","nicely asked"
"1510","great Feels"
"1511","hot s"
"1512","heaven rhyth"
"1513","amazing An"
"1514","easier gets"
"1515","interesting An"
"1516","positive Think"
"1517","happy Be"
"1518","right place"
"1519","eagerly anticipating"
"1520","great tune"
"1521","fun b"
"1522","golden girls"
"1523","lovely look"
"1524","right corner"
"1525","fine art"
"1526","cool place"
"1527","safe feel"
"1528","love fuckin"
"1529","amazing bloody"
"1530","work freelance"
"1531","right Be"
"1532","successfully co"
"1533","thank youuuuu"
"1534","love taylor"
"1535","great race"
"1536","wonderful friends"
"1537","positive Be"
"1538","grand ol"
"1539","praise high"
"1540","thank awe"
"1541","good grades"
"1542","fine arts"
"1543","favorite boy"
"1544","perfect absolutely"
"1545","free ticket"
"1546","^^ ^"
"1547","won best"
"1548","golden brown"
"1549","adorable look"
"1550","smart feel"
"1551","pretty pleased"
"1552","pep talk"
"1553","awards co"
"1554","fresh eat"
"1555","best won"
"1556","breeze light"
"1557","clever Very"
"1558","good tip"
"1559","fantastic look"
"1560","wonderful sunday"
"1561","bright spot"
"1562","gratefully received"
"1563","excited Sooooo"
"1564","saint patron"
"1565","honest opinion"
"1566","well i"
"1567","favorite line"
"1568","good body"
"1569","amazing wo"
"1570","impressed Very"
"1571","beautiful sooo"
"1572","warm With"
"1573","beloved fa"
"1574","love unconditionally"
"1575","well a"
"1576","great songs"
"1577","free booze"
"1578","enjoyed quite"
"1579","cozy bed"
"1580","adorable freaking"
"1581","loving su"
"1582","humble abode"
"1583","great tool"
"1584","works Whatever"
"1585","love ittt"
"1586","cute Soooo"
"1587","best city"
"1588","clear steer"
"1589","perfect "
"1590","responsibly Tweet"
"1591","well working"
"1592","warm fuzzy"
"1593","smiling faces"
"1594","great dancer"
"1595","promised As"
"1596","love ani"
"1597","pretty soo"
"1598","amazingly hott"
"1599","happy 21st"
"1600","happy feeling"
"1601","cute ang"
"1602","welcome sweetie"
"1603","passion fruit"
"1604","hottest guy"
"1605","gorgeous looked"
"1606","awesome dude"
"1607","great sound"
"1608","cool Ah"
"1609","work could"
"1610","beautiful soo"
"1611","perfectly nor"
"1612","important Very"
"1613","beautifully written"
"1614","amazing quite"
"1615","better loads"
"1616","useful spouted"
"1617","amazing band"
"1618","good hella"
"1619","breakthrough perfor"
"1620","congratulations Many"
"1621","nice shower"
"1622","great story"
"1623","excitedly "
"1624","better look"
"1625","best cure"
"1626","wonderful voice"
"1627","excited totally"
"1628","talented singer"
"1629","flatter yourself"
"1630","great success"
"1631","pretty busy"
"1632","dedicated server"
"1633","cute na"
"1634","cool dude"
"1635","award choice"
"1636","convenience store"
"1637","faster run"
"1638","cool SO"
"1639","wonderful person"
"1640","better idea"
"1641","right behind"
"1642","free dl"
"1643","fun lotta"
"1644","yay Aw"
"1645","awesome band"
"1646","happily "
"1647","love working"
"1648","favored highly"
"1649","bright eyed"
"1650","super powers"
"1651","glad Sooo"
"1652","delicious breakfast"
"1653","fun "
"1654","wonders working"
"1655","free spoiler"
"1656","love bein"
"1657","hot 30"
"1658","hot bubble"
"1659","cool site"
"1660","peace love"
"1661","luck goood"
"1662","beautiful ladies"
"1663","goood luck"
"1664","warm wishes"
"1665","cool quite"
"1666","faster lot"
"1667","comfortable "
"1668","great looking"
"1669","woo woo"
"1670","happy dance"
"1671","good ti"
"1672","won BGT"
"1673","fans laker"
"1674","nice bike"
"1675","angel guardian"
"1676","pretty swell"
"1677","improvement vast"
"1678","survival guide"
"1679","hot toddy"
"1680","sweet very"
"1681","cute soooooo"
"1682","worth sooo"
"1683","love stacey"
"1684","great opportunity"
"1685","entertain so"
"1686","amazing talent"
"1687","nice photo"
"1688","comfortable feel"
"1689","great perfor"
"1690","amazing experience"
"1691","good Whats"
"1692","loved ve"
"1693","pretty big"
"1694","excited Pretty"
"1695","love rain"
"1696","enjoyed Thoroughly"
"1697","lovely Sounds"
"1698","strong Be"
"1699","danke und"
"1700","approval pending"
"1701","pretty see"
"1702","great convo"
"1703","nice cuppa"
"1704","lucky wo"
"1705","happy weekend"
"1706","well known"
"1707","appreciated highly"
"1708","yay awww"
"1709","lovely place"
"1710","loves Everyone"
"1711","sweet goodnight"
"1712","appeal sex"
"1713","master cleanse"
"1714","best co"
"1715","amazing artist"
"1716","good Well"
"1717","hot pockets"
"1718","brilliant Bloody"
"1719","fave band"
"1720","fine thats"
"1721","pleasant evening"
"1722","positive way"
"1723","favorite "
"1724","good ideas"
"1725","safely say"
"1726","awesome "
"1727","hot cocoa"
"1728","excellent An"
"1729","bright pink"
"1730","luck good"
"1731","happy hu"
"1732","lovely co"
"1733","awesome youre"
"1734","mighty tasty"
"1735","capable hands"
"1736","protect us"
"1737","awesome frickin"
"1738","right way"
"1739","excited overly"
"1740","nice Really"
"1741","happy advance"
"1742","pride take"
"1743","perfectly working"
"1744","nice quote"
"1745","gladly d"
"1746","gorgeous "
"1747","welcome certainly"
"1748","luck Gd"
"1749","joy brings"
"1750","lovely lovely"
"1751","birthday happy"
"1752","feel better"
"1753","getting ready"
"1754","have fun"
"1755","drea sweet"
"1756","weekend great"
"1757","having fun"
"1758","feeling better"
"1759","god bless"
"1760","ti good"
"1761","sounds good"
"1762","feel free"
"1763","went well"
"1764"," happy"
"1765","d love"
"1766","â™¥ â™¥"
"1767","â™¥ â™¥"
"1768","god thank"
"1769","gotta love"
"1770","goes well"
"1771","trip safe"
"1772","news good"
"1773","taylor swift"
"1774"," good"
"1775","idea good"
"1776","feel free"
"1777","hoo woo"
"1778"," happy"
"1779","friends best"
"1780","very nice"
"1781","flight safe"
"1782","job good"
"1783","feels good"
"1784","job great"
"1785"," amazing"
"1786","boo boom"
"1787","boo boom"
"1788","sleep well"
"1789","excited super"
"1790","super excited"
"1791","god bless"
"1792","bday happy"
"1793","weekend good"
"1794","shareholder free"
"1795","hoo woo"
"1796"," welcome"
"1797","feel good"
"1798","evening good"
"1799","idea great"
"1800"," awards"
"1801","why thank"
"1802","sounds good"
"1803","looks good"
"1804"," appreciated"
"1805","afternoon good"
"1806","very cool"
"1807","why thank"
"1808","part best"
"1809","side bright"
"1810","sooo cute"
"1811","looks great"
"1812","week great"
"1813","sooo excited"
"1814"," important"
"1815","enough fair"
"1816","fair enough"
"1817","long enough"
"1818","God thank"
"1819","MTV awards"
"1820","thats good"
"1821","We love"
"1822","Had fun"
"1823","goodness thank"
"1824","thank goodness"
"1825","ï½25 cashback"
"1826","sounds great"
"1827","cute super"
"1828","super cute"
"1829","guitar hero"
"1830"," beautiful"
"1831","chocolate hot"
"1832","da pretty"
"1833","hard work"
"1834","gettin ready"
"1835","air fresh"
"1836","says good"
"1837","diversity won"
"1838","Thank goodness"
"1839","soo cute"
"1840","highly recommend"
"1841","Would love"
"1842","da good"
"1843","thats awesome"
"1844","ol good"
"1845","feeling good"
"1846","greatly appreciated"
"1847","funny pretty"
"1848","deserved well"
"1849","absolutely love"
"1850","How exciting"
"1851","soo excited"
"1852","lot better"
"1853","sooo happy"
"1854","news great"
"1855","stop smiling"
"1856","Oh wow"
"1857","choice awards"
"1858","tub hot"
"1859","Diversity won"
"1860","thats cool"
"1861","look great"
"1862","Be safe"
"1863","point good"
"1864","guilty pleasure"
"1865","choice good"
"1866","SO excited"
"1867","weekend nice"
"1868","weekend wonderful"
"1869","soo happy"
"1870","co good"
"1871","sounds fun"
"1872","food good"
"1873","those love"
"1874","way best"
"1875","sooo good"
"1876","worth well"
"1877","take advantage"
"1878","Much better"
"1879","nite good"
"1880","a idol"
"1881","nothing better"
"1882","way good"
"1883","Much love"
"1884","ti fun"
"1885","4hours boom"
"1886","Feels good"
"1887","totally worth"
"1888","soooo excited"
"1889","life loving"
"1890","looks awesome"
"1891","weather beautiful"
"1892","plan good"
"1893","soooo cute"
"1894","Super excited"
"1895","surprised pleasantly"
"1896","â™¥â™¥ â™¥"
"1897","sunny beautiful"
"1898","FF love"
"1899"," good"
"1900","friends good"
"1901","I glad"
"1902","looks amazing"
"1903","soooo good"
"1904","Fair enough"
"1905"," nice"
"1906","friend good"
"1907","wishes best"
"1908","evening great"
"1909","super cool"
"1910","breaking dawn"
"1911","pow boom"
"1912","absolutely amazing"
"1913","Having fun"
"1914","download free"
"1915","aww thank"
"1916","sounds awesome"
"1917","Movie awards"
"1918","little cute"
"1919","journey safe"
"1920","Very excited"
"1921","pic nice"
"1922"," great"
"1923","surprise pleasant"
"1924","quite welcome"
"1925","Sunday great"
"1926","old good"
"1927","way great"
"1928","Very good"
"1929","looks pretty"
"1930","these love"
"1931","fucking awesome"
"1932","vibes good"
"1933","taste good"
"1934","book good"
"1935","away right"
"1936","darn pretty"
"1937","soo cool"
"1938","songs favorite"
"1939","energy positive"
"1940","Another beautiful"
"1941","anniversary happy"
"1942","a pretty"
"1943","youu love"
"1944","vibes positive"
"1945"," great"
"1946","part favorite"
"1947","laugh good"
"1948","Pretty good"
"1949","bday happy"
"1950","sounds nice"
"1951","Mission accomplished"
"1952","Really appreciate"
"1953","note lighter"
"1954","evening lovely"
"1955","friends great"
"1956","su love"
"1957","weather lovely"
"1958","travels safe"
"1959","sunday happy"
"1960","person favorite"
"1961"," top"
"1962"," fond"
"1963","feel great"
"1964","sweet pretty"
"1965","Lakers won"
"1966","Keep smiling"
"1967","could afford"
"1968","super fun"
"1969","keep smiling"
"1970","owner proud"
"1971","totally awesome"
"1972","weekend awesome"
"1973","thoroughly enjoyed"
"1974","feels great"
"1975","excited pretty"
"1976","quite good"
"1977","awww thank"
"1978","Very happy"
"1979","singer lead"
"1980","10 top"
"1981","hot hot"
"1982","hot hot"
"1983","relaxing nice"
"1984","Harry love"
"1985","quite well"
"1986","start great"
"1987","cause good"
"1988"," cool"
"1989","look gorgeous"
"1990","wishes well"
"1991","youre welcome"
"1992","youuu love"
"1993"," happy"
"1994","feeling great"
"1995","youuu thank"
"1996","cookie fortune"
"1997"," favorite"
"1998","freaking awesome"
"1999","soooo happy"
"2000","start good"
"2001","till work"
"2002","feel loved"
"2003","Pretty cool"
"2004","place best"
"2005","spelling correct"
"2006","weather great"
"2007","guy nice"
"2008","How sweet"
"2009","cup nice"
"2010","deed good"
"2011"," good"
"2012","shower hot"
"2013"," better"
"2014","looks nice"
"2015","weekend lovely"
"2016","sounds pretty"
"2017","Highly recommended"
"2018","It worked"
"2019","dogs hot"
"2020","God praise"
"2021","How cool"
"2022","stoked super"
"2023","surprise nice"
"2024","rested well"
"2025","workout good"
"2026","person amazing"
"2027","sounds cool"
"2028","wifi free"
"2029","MUCH better"
"2030","sunny lovely"
"2031","Very interesting"
"2032","thats great"
"2033","evening nice"
"2034","gonna win"
"2035","picture nice"
"2036","definitely worth"
"2037","Really enjoyed"
"2038","Ur welcome"
"2039","look cute"
"2040","tank top"
"2041","hour happy"
"2042","waking love"
"2043","evening wonderful"
"2044","weekend amazing"
"2045","youu thank"
"2046","super happy"
"2047","stay positive"
"2048","direction right"
"2049","words wise"
"2050","absolutely adore"
"2051","SO good"
"2052","Looks good"
"2053","weather warm"
"2054"," great"
"2055","super nice"
"2056","job awesome"
"2057","i love"
"2058","yourself enjoy"
"2059","Sooo excited"
"2060","por favor"
"2061","sounds interesting"
"2062","look pretty"
"2063","absolutely gorgeous"
"2064","Sounds fun"
"2065","close enough"
"2066","fucking amazing"
"2067","Nothing better"
"2068","yard work"
"2069","fucking love"
"2070","along nicely"
"2071","Sundays love"
"2072","seeing nice"
"2073","reading love"
"2074","belated happy"
"2075","It works"
"2076","Nice work"
"2077","band favorite"
"2078"," free"
"2079","Electrik support"
"2080","e love"
"2081","Brokeback loved"
"2082","Very cute"
"2083","havin fun"
"2084","diversity glad"
"2085","long nice"
"2086","She loves"
"2087","sooooo excited"
"2088"," great"
"2089","Ho sweet"
"2090","feeling well"
"2091","good luck"
"2092","quite nice"
"2093","Brokeback love"
"2094","deal good"
"2095","sounds lovely"
"2096","ego boost"
"2097","spot soft"
"2098","FBR fans"
"2099","weekend fun"
"2100","singer amazing"
"2101","soo good"
"2102","thoughts happy"
"2103","Fun fun"
"2104","ladies lovely"
"2105","Sounds great"
"2106","rad pretty"
"2107","boyfriend amazing"
"2108","seeing great"
"2109","voice amazing"
"2110","squeaky clean"
"2111","yay yay"
"2112","reading enjoy"
"2113","taking advantage"
"2114","Lakers win"
"2115","Aww thank"
"2116","youuuu thank"
"2117","prince fresh"
"2118","aw thank"
"2119","Thats good"
"2120","feel accomplished"
"2121","highly recommended"
"2122","attitude positive"
"2123","trip great"
"2124","5 top"
"2125","Sunday beautiful"
"2126","look amazing"
"2127"," popular"
"2128","He loves"
"2129","Feeling better"
"2130","situation win"
"2131","spent well"
"2132","freaking amazing"
"2133","cute pretty"
"2134","thats right"
"2135","trip nice"
"2136","leave work"
"2137","so glad"
"2138","weather good"
"2139","texting unlimited"
"2140","having love"
"2141","Even better"
"2142","flight good"
"2143","pink hot"
"2144","totally cool"
"2145","seeing love"
"2146","bad pretty"
"2147","sleep beauty"
"2148","war welcome"
"2149","neat pretty"
"2150","breeze cool"
"2151","lady lovely"
"2152","Self recommendations"
"2153","life enjoying"
"2154","place great"
"2155","brokeback love"
"2156","job nice"
"2157","reason good"
"2158","weather perfect"
"2159","Off work"
"2160","advice good"
"2161","al ready"
"2162","SO happy"
"2163","waiting patiently"
"2164","Sunday wonderful"
"2165","Oh cool"
"2166","easy pretty"
"2167","sailing smooth"
"2168","hard worked"
"2169","SO glad"
"2170","feeling pretty"
"2171","ole good"
"2172","Saturday great"
"2173","fine mighty"
"2174"," fine"
"2175","weekend fantastic"
"2176","bliss pure"
"2177","All good"
"2178","weather gorgeous"
"2179","everything better"
"2180","pure bliss"
"2181","aww bless"
"2182","potato sweet"
"2183","extre happy"
"2184","co great"
"2185","Norway won"
"2186","Its nice"
"2187","lot easier"
"2188"," awesome"
"2189","pic cute"
"2190","star gold"
"2191","Another great"
"2192","place nice"
"2193","walk nice"
"2194","juices creative"
"2195","Get ready"
"2196","surprisingly good"
"2197","Sunday happy"
"2198","BGT won"
"2199","sunday great"
"2200","sooo cool"
"2201","Well thank"
"2202"," good"
"2203","landed safely"
"2204","article great"
"2205","I excited"
"2206","waiting patiently"
"2207","Thats awesome"
"2208","huge success"
"2209","kinda cute"
"2210","How cute"
"2211","place better"
"2212","Taylor swift"
"2213"," progress"
"2214","thats nice"
"2215","Funnily enough"
"2216","world wonderful"
"2217","darn good"
"2218","way better"
"2219","thoughts positive"
"2220","truly amazing"
"2221","together cute"
"2222","win win"
"2223","sounds amazing"
"2224","looks cool"
"2225","thats cute"
"2226","win win"
"2227","lady pretty"
"2228","Always nice"
"2229","stay safe"
"2230","does wonders"
"2231","week productive"
"2232","trip good"
"2233","youquot love"
"2234","si amazing"
"2235","decent pretty"
"2236","YOU thank"
"2237","sunshine glorious"
"2238","Rest well"
"2239","tea won"
"2240","ti perfect"
"2241","food free"
"2242","look beautiful"
"2243","thinking positive"
"2244","tastes better"
"2245","arrived safely"
"2246","friday happy"
"2247","God praising"
"2248","aboard welcome"
"2249"," wonderful"
"2250","food great"
"2251","question good"
"2252","hella fun"
"2253"," excellent"
"2254","Too cute"
"2255","working properly"
"2256","added bonus"
"2257","fine perfectly"
"2258","perfectly fine"
"2259","brazil loves"
"2260","Please support"
"2261","sundays love"
"2262"," holy"
"2263","allti favorite"
"2264","bday celebration"
"2265","sooooo happy"
"2266","notch top"
"2267","da hot"
"2268","feel happy"
"2269","Federer wins"
"2270","weekend fabulous"
"2271","bath hot"
"2272","rest well"
"2273","ass smart"
"2274","filled fun"
"2275","kind best"
"2276","Stay safe"
"2277","store thrift"
"2278","Brazil loves"
"2279","soooo cool"
"2280","Soooo excited"
"2281","note positive"
"2282","soo nice"
"2283","super awesome"
"2284","sounds exciting"
"2285","absolutely beautiful"
"2286","feel pretty"
"2287","went great"
"2288","person nice"
"2289","bed comfy"
"2290","sticks glow"
"2291","sla grand"
"2292","yall love"
"2293","shipping free"
"2294","sunny nice"
"2295","prince charming"
"2296","16 sweet"
"2297","absolutely stunning"
"2298","Monday great"
"2299","rest good"
"2300"," accomplished"
"2301","Gettin ready"
"2302","actress amazing"
"2303","felt good"
"2304","seeing loved"
"2305","wonders works"
"2306","Very exciting"
"2307","uber excited"
"2308","sixteen sweet"
"2309","taste great"
"2310","days happy"
"2311","fil great"
"2312","sounds wonderful"
"2313","d prefer"
"2314","Really excited"
"2315","works wonders"
"2316","hello well"
"2317","way nice"
"2318","We won"
"2319","greatly appreciate"
"2320","feel refreshed"
"2321","said well"
"2322","story love"
"2323","fucking hilarious"
"2324","looks beautiful"
"2325","Friday recommendation"
"2326","whats good"
"2327","wife lovely"
"2328","kids cool"
"2329","hanging fun"
"2330","rest beauty"
"2331"," fav"
"2332","place favorite"
"2333","incredibly happy"
"2334"," delicious"
"2335","hot super"
"2336","e love"
"2337","super hot"
"2338","Totally worth"
"2339","Feeling good"
"2340","week good"
"2341","Another gorgeous"
"2342","change nice"
"2343","totally love"
"2344","endings happy"
"2345","seeing good"
"2346","dinner great"
"2347","quite excited"
"2348","Super cute"
"2349","excuse good"
"2350","workout great"
"2351","Thats great"
"2352","late better"
"2353","looks gorgeous"
"2354","ten top"
"2355","s good"
"2356","wedding beautiful"
"2357","close pretty"
"2358","All hail"
"2359","hearing love"
"2360","yous thank"
"2361","playing fun"
"2362","Drive safe"
"2363","freakin awesome"
"2364","sooooo good"
"2365","ebay love"
"2366","slept well"
"2367","quite pleased"
"2368","fuzzies warm"
"2369","advice great"
"2370","I happy"
"2371","guy great"
"2372","couple cute"
"2373","drea nice"
"2374","secret top"
"2375","date hot"
"2376","glass nice"
"2377","boys favorite"
"2378","voice beautiful"
"2379","biggest fans"
"2380","Highly recommend"
"2381","couch comfy"
"2382","Its amazing"
"2383","Sunday lovely"
"2384","hard work"
"2385","saturdays love"
"2386","topic hot"
"2387","ve enjoyed"
"2388","gluten free"
"2389","beyond excited"
"2390","look awesome"
"2391","actress great"
"2392"," love"
"2393","Mondays love"
"2394","stays nice"
"2395","eternally grateful"
"2396","hits greatest"
"2397","thee love"
"2398","nights best"
"2399","We appreciate"
"2400","place beautiful"
"2401","id love"
"2402","actor great"
"2403","week work"
"2404","Very well"
"2405","kinda cool"
"2406","blue clear"
"2407","job amazing"
"2408","co perfect"
"2409","feels nice"
"2410","boy good"
"2411","sunshine beautiful"
"2412","drea pleasant"
"2413","Federer won"
"2414","da best"
"2415","i love"
"2416","brazilian fans"
"2417","FF recommendation"
"2418","hot pretty"
"2419","Saturday beautiful"
"2420","early happy"
"2421","sheets clean"
"2422","word good"
"2423"," warm"
"2424","i love"
"2425","look fabulous"
"2426","have fun"
"2427","es genial"
"2428","fil good"
"2429","d appreciate"
"2430","looks promising"
"2431","strawberries fresh"
"2432","working fine"
"2433","quote great"
"2434","bout excited"
"2435","feedback positive"
"2436","thoroughly enjoying"
"2437","dooper super"
"2438","singer good"
"2439","looks delicious"
"2440","us helping"
"2441","looks interesting"
"2442","picture cute"
"2443","jolly good"
"2444","person coolest"
"2445","quite interesting"
"2446","nite great"
"2447","Always good"
"2448","quite happy"
"2449","Looks great"
"2450","absolutely loved"
"2451","role great"
"2452","beast sexy"
"2453","freaking cute"
"2454","birthday great"
"2455","looked great"
"2456","dinner delicious"
"2457","beco famous"
"2458","idea excellent"
"2459","shes amazing"
"2460","nap nice"
"2461","kinda fun"
"2462","service great"
"2463","absolutely hilarious"
"2464","Really good"
"2465","pic great"
"2466","advice best"
"2467","tickets free"
"2468","trade fair"
"2469","Get recommended"
"2470","friends amazing"
"2471","cookie smart"
"2472","kar good"
"2473","sooo glad"
"2474","b happy"
"2475","saturday happy"
"2476","sunday beautiful"
"2477","book awesome"
"2478","Was fun"
"2479","color favorite"
"2480","group support"
"2481","Well worth"
"2482","way perfect"
"2483","freaking love"
"2484","aweso pure"
"2485","Getting excited"
"2486","cheers fun"
"2487","lookin good"
"2488","pure awesomeness"
"2489","Feel good"
"2490","gettin ready"
"2491","daynight great"
"2492","feeling good"
"2493","dope pretty"
"2494","sun shine"
"2495","absolutely adorable"
"2496","fluid lighter"
"2497","looked beautiful"
"2498","Friday love"
"2499","Sounds interesting"
"2500","looked amazing"
"2501","quite amusing"
"2502","street fair"
"2503","goes smoothly"
"2504","life love"
"2505","start fresh"
"2506","went pretty"
"2507","Tweet recommendation"
"2508","care good"
"2509","cold nice"
"2510","face pretty"
"2511","theft grand"
"2512","words encouraging"
"2513","weddings love"
"2514","learner fast"
"2515","youuuu love"
"2516","Ho safe"
"2517","biggest smile"
"2518"," powerful"
"2519","da cute"
"2520","s smile"
"2521","Very pleased"
"2522","Really enjoying"
"2523","together nicely"
"2524","s smile"
"2525","lookin good"
"2526","Really cool"
"2527","sleeping beauty"
"2528","perfectly works"
"2529","fudge hot"
"2530","slate clean"
"2531","thee best"
"2532","works perfectly"
"2533","sunday lovely"
"2534","stress free"
"2535","sir good"
"2536","tax refund"
"2537","Be patient"
"2538","affliction amity"
"2539","sooo sweet"
"2540","war gratitude"
"2541","gratitude warm"
"2542","drea sweet"
"2543","WAY better"
"2544"," adorable"
"2545","stoked pretty"
"2546","I loving"
"2547","city beautiful"
"2548","standing ovation"
"2549","sleep good"
"2550","ice free"
"2551","opinion humble"
"2552","How awesome"
"2553","boy cute"
"2554","sense perfect"
"2555","sweet sweet"
"2556","returns happy"
"2557","Soo excited"
"2558","epic win"
"2559","$ won"
"2560","thats sweet"
"2561","days best"
"2562","si adore"
"2563","sweet super"
"2564","dra free"
"2565","week wonderful"
"2566","opening grand"
"2567","super sweet"
"2568","writing creative"
"2569","Sounds awesome"
"2570","nights good"
"2571","so better"
"2572","hooo woo"
"2573","peeps cool"
"2574","ed hardy"
"2575","conversation good"
"2576","drinks free"
"2577","soooooo good"
"2578","sounds promising"
"2579","idea brilliant"
"2580","looked stunning"
"2581","interesting pretty"
"2582","gotta love"
"2583","Sunday nice"
"2584","ocean breeze"
"2585","wife beautiful"
"2586","tunes good"
"2587","coffee free"
"2588","Another glorious"
"2589","whatever works"
"2590","feel fine"
"2591","SO cute"
"2592","bride beautiful"
"2593","person great"
"2594","exchange favor"
"2595","Monday happy"
"2596","ï â™¥"
"2597","stay warm"
"2598","duck lucky"
"2599","sounds delicious"
"2600","sunday nice"
"2601","absolute best"
"2602","pinky promise"
"2603","their love"
"2604","sall good"
"2605","tony awards"
"2606","yourself enjoyed"
"2607","sunrise beautiful"
"2608","hot nice"
"2609","looks cute"
"2610","wow wow"
"2611"," perfect"
"2612","zone comfort"
"2613","sea breeze"
"2614","VERY excited"
"2615","Very impressive"
"2616","early enough"
"2617","fast pretty"
"2618","behaved well"
"2619","design work"
"2620","britains won"
"2621","seeing worth"
"2622","week exciting"
"2623","Be well"
"2624","looks fantastic"
"2625","wings hot"
"2626","taste good"
"2627","dinner lovely"
"2628","sauce hot"
"2629","freakin awesome"
"2630","alot better"
"2631","chicks hot"
"2632","feeling best"
"2633","brokeback loved"
"2634","thats pretty"
"2635","winning award"
"2636","award winning"
"2637","hunt treasure"
"2638","ve won"
"2639","breakfast healthy"
"2640","coast gold"
"2641","ending perfect"
"2642","songs good"
"2643","place perfect"
"2644","soo glad"
"2645","face smiling"
"2646","absolutely loving"
"2647","lunch nice"
"2648","REALLY good"
"2649","authors favorite"
"2650","SOOO excited"
"2651","da sexy"
"2652","tastes good"
"2653","slightly better"
"2654"," romantic"
"2655","GOD thank"
"2656","Its great"
"2657","truly appreciate"
"2658","choco hot"
"2659","part important"
"2660"," important"
"2661","eco friendly"
"2662","price good"
"2663","singer great"
"2664","reading enjoyed"
"2665","VERY good"
"2666","evening fun"
"2667","drive safely"
"2668","band great"
"2669","checking worth"
"2670","I good"
"2671","guy cool"
"2672","war nice"
"2673","sooooo cute"
"2674","sunny bright"
"2675","twilight won"
"2676","living love"
"2677","dance happy"
"2678","Twilight won"
"2679","snogging perfect"
"2680","sounds perfect"
"2681","Epic win"
"2682","Sounds delicious"
"2683","lifes good"
"2684","sunday good"
"2685","looks hot"
"2686","songs fav"
"2687","boyfriend best"
"2688","gettn ready"
"2689","anyti welcome"
"2690","post great"
"2691","life enjoy"
"2692","Its good"
"2693","cant afford"
"2694"," mercy"
"2695","wo beautiful"
"2696","soo sweet"
"2697","shiny shiny"
"2698","shiny shiny"
"2699","bored right"
"2700","lot happier"
"2701","quite entertaining"
"2702","following worth"
"2703","constantly amazed"
"2704","final talent"
"2705","writer talented"
"2706","Sunday quiet"
"2707","fuzz hot"
"2708","gonna love"
"2709"," fav"
"2710","looks better"
"2711","sooo fun"
"2712","Drive safely"
"2713","super hero"
"2714","hero super"
"2715","definitely recommend"
"2716","Up bright"
"2717"," hot"
"2718","VERY happy"
"2719","heart smile"
"2720","peasy easy"
"2721","Close enough"
"2722","20 top"
"2723","exciting pretty"
"2724","Be nice"
"2725","Jesus loves"
"2726","Great work"
"2727","bullet magic"
"2728","hard enough"
"2729","ring nice"
"2730","LOT better"
"2731","100 top"
"2732","sounds better"
"2733","flowers pretty"
"2734","fan avid"
"2735","roof top"
"2736","da right"
"2737","ve worked"
"2738","ol good"
"2739","pics nice"
"2740","flight nice"
"2741","Feeling great"
"2742"," fun"
"2743","outside enjoying"
"2744","cheetos hot"
"2745","news wonderful"
"2746","tips helpful"
"2747","SO proud"
"2748","freaking excited"
"2749","job tough"
"2750","gonna enjoy"
"2751","hurry better"
"2752"," good"
"2753","sooo pretty"
"2754","i pretty"
"2755","clean clean"
"2756","u thank"
"2757","r welcome"
"2758","kinda hot"
"2759"," best"
"2760","clean clean"
"2761","yourself enjoying"
"2762","weather wonderful"
"2763","Boo boom"
"2764","weekends love"
"2765","boyfriend wonderful"
"2766","exercise good"
"2767","tan nice"
"2768","hun welcome"
"2769","without better"
"2770","Most welcome"
"2771","us support"
"2772","probably right"
"2773","Looking good"
"2774","guy lucky"
"2775","pic lovely"
"2776","chuffed well"
"2777","quite nicely"
"2778","tired right"
"2779","tastes great"
"2780","Friday happy"
"2781","never trust"
"2782","lights bright"
"2783","kinda nice"
"2784","quite impressed"
"2785","kid cool"
"2786","soooooo excited"
"2787","How lovely"
"2788","epic pretty"
"2789","dinner nice"
"2790","WiFi free"
"2791","BGT win"
"2792","Sunday good"
"2793","trending top"
"2794","da cool"
"2795","worlds greatest"
"2796","absolutely fantastic"
"2797","absolutely brilliant"
"2798","d recommend"
"2799","weekend best"
"2800","Doing great"
"2801","Thats cool"
"2802"," timely"
"2803","Brazilian fans"
"2804","suit shiny"
"2805","absolutely awesome"
"2806"," good"
"2807","thats amazing"
"2808","rounded well"
"2809","spot treasure"
"2810","news exciting"
"2811","looks lovely"
"2812","drink responsibly"
"2813","sexy super"
"2814","super sexy"
"2815","little nice"
"2816","band best"
"2817","voice great"
"2818","fuckin awesome"
"2819","shows favorite"
"2820","true fans"
"2821","absolute favorite"
"2822","side positive"
"2823"," work"
"2824","turkish delight"
"2825","waiting worth"
"2826"," support"
"2827","tweets interesting"
"2828","kinda excited"
"2829","a good"
"2830"," best"
"2831","power super"
"2832","place happy"
"2833","afternoon great"
"2834"," pleasure"
"2835","spelling right"
"2836"," favorite"
"2837","truely amazing"
"2838","talking nice"
"2839","fight good"
"2840","Doing fine"
"2841","lakers win"
"2842","Britains won"
"2843","feedback great"
"2844","Aw thank"
"2845","shots great"
"2846","soo awesome"
"2847","ti better"
"2848","fridays love"
"2849","r amazing"
"2850","clean sparkling"
"2851","joy joy"
"2852","sparkling clean"
"2853","songs best"
"2854","oddly enough"
"2855","BIG smile"
"2856","ass sexy"
"2857","feel proud"
"2858","joy joy"
"2859","choice right"
"2860"," interesting"
"2861","flight great"
"2862","Really happy"
"2863"," creative"
"2864","sleep good"
"2865","body works"
"2866","Youre welcome"
"2867","nifty pretty"
"2868","dang pretty"
"2869"," super"
"2870","wkend great"
"2871","feelin better"
"2872","beans cool"
"2873","singer best"
"2874","U thank"
"2875","ca cheer"
"2876","guy smart"
"2877","photos great"
"2878","pic beautiful"
"2879","future bright"
"2880","Eternally grateful"
"2881","How nice"
"2882","thunderstor love"
"2883","taste excellent"
"2884","powers magical"
"2885","reasonable perfectly"
"2886","gentle breeze"
"2887","breeze gentle"
"2888","Saturday quiet"
"2889","perfectly reasonable"
"2890","ideas great"
"2891","diversity happy"
"2892","a fun"
"2893","quote good"
"2894","stevie wonder"
"2895","i love"
"2896","lifestyle healthy"
"2897","donut free"
"2898","news awesome"
"2899","yaa love"
"2900","cup hot"
"2901","friends awesome"
"2902","everyti smile"
"2903","finding love"
"2904","Saturday wonderful"
"2905","nobel prize"
"2906","Was good"
"2907","face happy"
"2908","anyone recommend"
"2909","Sending love"
"2910","Be good"
"2911","topic trendy"
"2912","Stay positive"
"2913","shit good"
"2914","actor amazing"
"2915","sooo awesome"
"2916","Sunday perfect"
"2917","Any recommendations"
"2918","yellow bright"
"2919","freaking hilarious"
"2920","God loves"
"2921","places favorite"
"2922","beautiful amazingly"
"2923","thoroughly enjoyable"
"2924","news best"
"2925","rather good"
"2926","Travel safe"
"2927","a beautiful"
"2928","pu super"
"2929","quite fun"
"2930","quotes favorite"
"2931","Doing well"
"2932","look hot"
"2933","true love"
"2934","Soooooo excited"
"2935","picture great"
"2936","drinking hot"
"2937","gettting ready"
"2938","chat nice"
"2939","husband wonderful"
"2940","funnily enough"
"2941","feel super"
"2942","ter correct"
"2943","felt great"
"2944","cere award"
"2945","That works"
"2946","freakin hilarious"
"2947","girlfriend lovely"
"2948","voice angelic"
"2949","Tuesday great"
"2950","su great"
"2951","Totally awesome"
"2952","singer favorite"
"2953","Feeling refreshed"
"2954","person lucky"
"2955","soo proud"
"2956","note happier"
"2957","nu lucky"
"2958","saturday great"
"2959","huge smile"
"2960","sitting right"
"2961","natural beauty"
"2962","agree wholeheartedly"
"2963","warning fair"
"2964","da fine"
"2965","huh cool"
"2966","each support"
"2967","picture beautiful"
"2968","wishes good"
"2969","Mother happy"
"2970","steel stainless"
"2971","Argentina loves"
"2972","sunshine warm"
"2973","feedback good"
"2974","All smiles"
"2975","second best"
"2976","such great"
"2977","feel honored"
"2978"," great"
"2979","regards best"
"2980","knight good"
"2981","walk brisk"
"2982","gd luck"
"2983","light shine"
"2984","Mother wonderful"
"2985","quiet nice"
"2986","goes award"
"2987","Da right"
"2988","birthday best"
"2989","job excellent"
"2990","looking mighty"
"2991","Monday good"
"2992","worker miracle"
"2993","God bless"
"2994","absolute pleasure"
"2995","choice nice"
"2996","Another successful"
"2997","bloody good"
"2998","shape good"
"2999","Definitely worth"
"3000","Sounds pretty"
"3001","songs fave"
"3002","others helping"
"3003","40 top"
"3004","Best won"
"3005","weather amazing"
"3006","spring beautiful"
"3007","Filipino fans"
"3008","ThReE11FaN :-}"
"3009","ThReE11FaN :-}"
"3010","view nice"
"3011","yoou thank"
"3012","lil cute"
"3013","Turkish delight"
"3014","Very proud"
"3015","genius pure"
"3016","chill pretty"
"3017","serve soft"
"3018","pure genius"
"3019","quotes inspirational"
"3020","VERY productive"
"3021","sounds intriguing"
"3022","volunteer work"
"3023","wknd great"
"3024","voice lovely"
"3025","drea good"
"3026","resource great"
"3027","Twilight wins"
"3028","co romantic"
"3029","surprisingly well"
"3030","Diversity glad"
"3031","totally fine"
"3032","kiss best"
"3033","SOO excited"
"3034","find work"
"3035","sunday perfect"
"3036","deal sweet"
"3037","ti happy"
"3038","wifi free"
"3039","Looks cool"
"3040","rather entertaining"
"3041","Awww thank"
"3042","knowing better"
"3043","laughs good"
"3044","lunch lovely"
"3045","sounds gooood"
"3046","extre talented"
"3047","girls favorite"
"3048","MTV award"
"3049","fight best"
"3050","a pure"
"3051","person best"
"3052","cuz happy"
"3053","Very welcome"
"3054","effing love"
"3055","lucky pretty"
"3056","could win"
"3057"," enjoy"
"3058","yah love"
"3059","billy talent"
"3060","25th happy"
"3061","r awesome"
"3062","background nice"
"3063","personal favorite"
"3064","awwww thank"
"3065","easy super"
"3066","hip hooray"
"3067","exa perfect"
"3068","sunset beautiful"
"3069","wayyy better"
"3070","super easy"
"3071","heaps good"
"3072","wine sparkling"
"3073","conversation interesting"
"3074","bath refreshing"
"3075","outlook positive"
"3076","dress fancy"
"3077"," good"
"3078","totally loved"
"3079","works great"
"3080","coffee strong"
"3081","beautiful breathtakingly"
"3082","tea peach"
"3083","screen saver"
"3084","person better"
"3085","breathtakingly beautiful"
"3086","celebs fav"
"3087","christ merry"
"3088","question right"
"3089","sounds heavenly"
"3090","star happy"
"3091","lazy love"
"3092"," lovely"
"3093","see pretty"
"3094","followfriday recommendations"
"3095","Still smiling"
"3096","quality good"
"3097","pea sweet"
"3098","friends lovely"
"3099","everybody loves"
"3100","extre excited"
"3101","Our pleasure"
"3102","virtual hug"
"3103","conversation great"
"3104","look stunning"
"3105","pic cool"
"3106","quite enjoyable"
"3107","conversation nice"
"3108","soooo goood"
"3109","decision wise"
"3110","dog cute"
"3111","writer gifted"
"3112","buds best"
"3113","hilarious pretty"
"3114","event great"
"3115","wo beautiful"
"3116","episode favorite"
"3117","half decent"
"3118"," love"
"3119","Very entertaining"
"3120","ure welcome"
"3121","feeling refreshed"
"3122","Finished work"
"3123","quite proud"
"3124","deals great"
"3125","book great"
"3126","girlfriend beautiful"
"3127","cherry boom"
"3128","school charm"
"3129","Making progress"
"3130","shopping love"
"3131","Sending smiles"
"3132","place good"
"3133","i love"
"3134","FF recommend"
"3135","skies clear"
"3136","answer correct"
"3137","oiled well"
"3138","together work"
"3139","weather glorious"
"3140","beco available"
"3141","unbirthday merry"
"3142","earned well"
"3143","quite easy"
"3144"," happy"
"3145","Would appreciate"
"3146","dining fine"
"3147","acceptable perfectly"
"3148","person beautiful"
"3149","topics trendy"
"3150","life good"
"3151","friend great"
"3152","away spirited"
"3153","Its awesome"
"3154","fruits fresh"
"3155","soooooo happy"
"3156","nap good"
"3157","soo amazing"
"3158"," fans"
"3159","seeing enjoy"
"3160"," enjoyable"
"3161","job fantastic"
"3162","Pure awesomeness"
"3163","Very brave"
"3164","ï â™¥"
"3165","snacks healthy"
"3166","Too excited"
"3167"," entertaining"
"3168","degree masters"
"3169"," best"
"3170","sooo nice"
"3171","s beautiful"
"3172","yoga hot"
"3173","lady lucky"
"3174","McFly fans"
"3175"," lover"
"3176","Always happy"
"3177","feel happier"
"3178"," awesome"
"3179","soo goood"
"3180","fans loyal"
"3181","loyal fans"
"3182","rally pep"
"3183","Sounds exciting"
"3184"," happy"
"3185","darn cute"
"3186","botto right"
"3187"," fun"
"3188","left top"
"3189","rainbow beautiful"
"3190","artificial intelligence"
"3191","lane fast"
"3192","co winning"
"3193","drea nice"
"3194","Sounds cool"
"3195","Really liking"
"3196","itt love"
"3197","craft fair"
"3198","talking love"
"3199","stars lucky"
"3200","waaay better"
"3201","followfriday recommendation"
"3202","criticis constructive"
"3203","look delicious"
"3204","staying worth"
"3205","color fav"
"3206","Its pretty"
"3207","eve good"
"3208","roo clean"
"3209","feeling great"
"3210","soooo proud"
"3211","lunch free"
"3212","beyond amazing"
"3213","rather amusing"
"3214","Speedy recovery"
"3215","gonna work"
"3216","shot nice"
"3217","heart sweet"
"3218","cause happy"
"3219","Choice awards"
"3220","touch nice"
"3221","rain clears"
"3222","getting ready"
"3223","Oh thank"
"3224","weekends best"
"3225","surprises love"
"3226","cause great"
"3227","Everybody loves"
"3228","guy amazing"
"3229","received well"
"3230"," fresh"
"3231","little adorable"
"3232","talented incredibly"
"3233","incredibly talented"
"3234"," happy"
"3235"," love"
"3236","na nice"
"3237","infor useful"
"3238","Saturday happy"
"3239"," sexy"
"3240","co interests"
"3241","ask nicely"
"3242","sexy sexy"
"3243","thank goodness"
"3244","weekend perfect"
"3245"," fresh"
"3246","sexy sexy"
"3247","wicked awesome"
"3248","die happy"
"3249","corral golden"
"3250","Oh goodness"
"3251","As well"
"3252","followfriday love"
"3253","Fridays love"
"3254","birthdayy happy"
"3255","absolutely incredible"
"3256","bo pretty"
"3257","phone works"
"3258","sooooo cool"
"3259","asked nicely"
"3260","Feels great"
"3261","s hot"
"3262","rhyth heaven"
"3263","An amazing"
"3264","gets easier"
"3265","An interesting"
"3266","Think positive"
"3267","Be happy"
"3268","place right"
"3269","anticipating eagerly"
"3270","tune great"
"3271","b fun"
"3272","girls golden"
"3273","look lovely"
"3274","corner right"
"3275","art fine"
"3276","place cool"
"3277","feel safe"
"3278","fuckin love"
"3279","bloody amazing"
"3280","freelance work"
"3281","Be right"
"3282","co successfully"
"3283","youuuuu thank"
"3284","taylor love"
"3285","race great"
"3286","friends wonderful"
"3287","Be positive"
"3288","ol grand"
"3289","high praise"
"3290","awe thank"
"3291","grades good"
"3292","arts fine"
"3293","boy favorite"
"3294","absolutely perfect"
"3295","ticket free"
"3296","^ ^^"
"3297","best won"
"3298","brown golden"
"3299","look adorable"
"3300","feel smart"
"3301","pleased pretty"
"3302","talk pep"
"3303","co awards"
"3304","eat fresh"
"3305","won best"
"3306","light breeze"
"3307","Very clever"
"3308","tip good"
"3309","look fantastic"
"3310","sunday wonderful"
"3311","spot bright"
"3312","received gratefully"
"3313","Sooooo excited"
"3314","patron saint"
"3315","opinion honest"
"3316","i well"
"3317","line favorite"
"3318","body good"
"3319","wo amazing"
"3320","Very impressed"
"3321","sooo beautiful"
"3322","With warm"
"3323","fa beloved"
"3324","unconditionally love"
"3325","a well"
"3326","songs great"
"3327","booze free"
"3328","quite enjoyed"
"3329","bed cozy"
"3330","freaking adorable"
"3331","su loving"
"3332","abode humble"
"3333","tool great"
"3334","Whatever works"
"3335","ittt love"
"3336","Soooo cute"
"3337","city best"
"3338","steer clear"
"3339"," perfect"
"3340","Tweet responsibly"
"3341","working well"
"3342","fuzzy warm"
"3343","faces smiling"
"3344","dancer great"
"3345","As promised"
"3346","ani love"
"3347","soo pretty"
"3348","hott amazingly"
"3349","21st happy"
"3350","feeling happy"
"3351","ang cute"
"3352","sweetie welcome"
"3353","fruit passion"
"3354","guy hottest"
"3355","looked gorgeous"
"3356","dude awesome"
"3357","sound great"
"3358","Ah cool"
"3359","could work"
"3360","soo beautiful"
"3361","nor perfectly"
"3362","Very important"
"3363","written beautifully"
"3364","quite amazing"
"3365","loads better"
"3366","spouted useful"
"3367","band amazing"
"3368","hella good"
"3369","perfor breakthrough"
"3370","Many congratulations"
"3371","shower nice"
"3372","story great"
"3373"," excitedly"
"3374","look better"
"3375","cure best"
"3376","voice wonderful"
"3377","totally excited"
"3378","singer talented"
"3379","yourself flatter"
"3380","success great"
"3381","busy pretty"
"3382","server dedicated"
"3383","na cute"
"3384","dude cool"
"3385","choice award"
"3386","store convenience"
"3387","run faster"
"3388","SO cool"
"3389","person wonderful"
"3390","idea better"
"3391","behind right"
"3392","dl free"
"3393","lotta fun"
"3394","Aw yay"
"3395","band awesome"
"3396"," happily"
"3397","working love"
"3398","highly favored"
"3399","eyed bright"
"3400","powers super"
"3401","Sooo glad"
"3402","breakfast delicious"
"3403"," fun"
"3404","working wonders"
"3405","spoiler free"
"3406","bein love"
"3407","30 hot"
"3408","bubble hot"
"3409","site cool"
"3410","love peace"
"3411","goood luck"
"3412","ladies beautiful"
"3413","luck goood"
"3414","wishes warm"
"3415","quite cool"
"3416","lot faster"
"3417"," comfortable"
"3418","looking great"
"3419","woo woo"
"3420","dance happy"
"3421","ti good"
"3422","BGT won"
"3423","laker fans"
"3424","bike nice"
"3425","guardian angel"
"3426","swell pretty"
"3427","vast improvement"
"3428","guide survival"
"3429","toddy hot"
"3430","very sweet"
"3431","soooooo cute"
"3432","sooo worth"
"3433","stacey love"
"3434","opportunity great"
"3435","so entertain"
"3436","talent amazing"
"3437","photo nice"
"3438","feel comfortable"
"3439","perfor great"
"3440","experience amazing"
"3441","Whats good"
"3442","ve loved"
"3443","big pretty"
"3444","Pretty excited"
"3445","rain love"
"3446","Thoroughly enjoyed"
"3447","Sounds lovely"
"3448","Be strong"
"3449","und danke"
"3450","pending approval"
"3451","see pretty"
"3452","convo great"
"3453","cuppa nice"
"3454","wo lucky"
"3455","weekend happy"
"3456","known well"
"3457","highly appreciated"
"3458","awww yay"
"3459","place lovely"
"3460","Everyone loves"
"3461","goodnight sweet"
"3462","sex appeal"
"3463","cleanse master"
"3464","co best"
"3465","artist amazing"
"3466","Well good"
"3467","pockets hot"
"3468","Bloody brilliant"
"3469","band fave"
"3470","thats fine"
"3471","evening pleasant"
"3472","way positive"
"3473"," favorite"
"3474","ideas good"
"3475","say safely"
"3476"," awesome"
"3477","cocoa hot"
"3478","An excellent"
"3479","pink bright"
"3480","good luck"
"3481","hu happy"
"3482","co lovely"
"3483","youre awesome"
"3484","tasty mighty"
"3485","hands capable"
"3486","us protect"
"3487","frickin awesome"
"3488","way right"
"3489","overly excited"
"3490","Really nice"
"3491","advance happy"
"3492","take pride"
"3493","working perfectly"
"3494","quote nice"
"3495","d gladly"
"3496"," gorgeous"
"3497","certainly welcome"
"3498","Gd luck"
"3499","brings joy"
"3500","lovely lovely"
