"","goodbad"
"1","wisdom teeth"
"2","well oh"
"3","work at"
"4","better gets"
"5","good not"
"6","wisdom tooth"
"7","happy not"
"8","work doesnt"
"9","work gotta"
"10","better feels"
"11","well o"
"12","better feel"
"13","hot water"
"14","hot outside"
"15","win didnt"
"16","love ya"
"17","cool not"
"18","well ah"
"19","super tired"
"20","work wont"
"21","fair not"
"22","enough "
"23","work didnt"
"24","good looking"
"25","nice weather"
"26","work early"
"27","good enough"
"28","nice outside"
"29","good bye"
"30","fun not"
"31","liking not"
"32","super duper"
"33","happy ca"
"34","happy bunny"
"35","work til"
"36","holy crap"
"37","hot weather"
"38","won who"
"39","super bored"
"40","fast food"
"41","fun "
"42","good sound"
"43","luck such"
"44","well get"
"45","work wanna"
"46","super bu"
"47","well ah"
"48","super sick"
"49","loved ones"
"50","ready gettin"
"51","good look"
"52","support tech"
"53","fast enough"
"54","enough fast"
"55","happy father"
"56","holy shit"
"57","work uni"
"58","well done"
"59","good "
"60","humane society"
"61","favorite least"
"62","enough cool"
"63","super early"
"64","survivor Titanic"
"65","gaining weight"
"66","enough not"
"67","right side"
"68","winning prize"
"69","prize winning"
"70","work college"
"71","grand prix"
"72","hot too"
"73","super busy"
"74","happy ending"
"75","gain weight"
"76","beautiful outside"
"77","right hand"
"78","win anything"
"79","joy oh"
"80","work start"
"81","well bode"
"82","ready not"
"83","better felt"
"84","fun fun"
"85","better get"
"86","pretty aweso"
"87","awesome pretty"
"88","cool enough"
"89","clean gotta"
"90","pretty crappy"
"91","gusto ko"
"92","right eye"
"93","good sign"
"94","recovery speedy"
"95","speedy recovery"
"96","enough sleep"
"97","luck finding"
"98","awards "
"99","work 2"
"100","top lap"
"101","hot sooo"
"102","strong enough"
"103","enough strong"
"104","impressed Not"
"105","work Gotta"
"106","lucky girl"
"107","well ohh"
"108","pretty bu"
"109","protection princess"
"110","gained weight"
"111","available longer"
"112","sweet bitter"
"113","golden retriever"
"114","right depressed"
"115","good ones"
"116","exciting nothing"
"117","super slow"
"118","works everything"
"119","genius bar"
"120","hot freaking"
"121","well O"
"122","loves nobody"
"123","interesting nothing"
"124","hot boiling"
"125","good nothing"
"126","works longer"
"127","exceeded li"
"128","well enough"
"129","right anything"
"130","right ear"
"131","sweet pretty"
"132","right ar"
"133","sweet girl"
"134","afford Cant"
"135","afford cannot"
"136","works fine"
"137","fine works"
"138","super hungry"
"139","work 2day"
"140","pretty boring"
"141","best "
"142","wins who"
"143","work properly"
"144","works nothing"
"145","better d"
"146","good shows"
"147","silent treat"
"148","pride gay"
"149","luck worst"
"150","good song"
"151","recovery "
"152","good co"
"153","well feelin"
"154","loves who"
"155","luck Better"
"156","super sleepy"
"157","comfort food"
"158","luck Bad"
"159","favorite song"
"160","right happy"
"161","hot tea"
"162","awards c"
"163","better luck"
"164","work to"
"165","right leg"
"166","happy NOT"
"167","lucky char"
"168","pretty upset"
"169","enough quick"
"170","work experience"
"171","super pissed"
"172","warm outside"
"173","bright red"
"174","brighter note"
"175","right pain"
"176","best single"
"177","best "
"178","worth $"
"179","honor society"
"180","incredibly bored"
"181","fun "
"182","clean Gotta"
"183","hot guy"
"184","survivor died"
"185","afford couldnt"
"186","pretty badly"
"187","helping isnt"
"188","well oh"
"189","nice Not"
"190","fun NOT"
"191","enjoying Not"
"192","enough space"
"193","love dont"
"194","enough nearly"
"195","excited Not"
"196","win tickets"
"197","lucky enough"
"198","enough lucky"
"199","great Oh"
"200","good not"
"201","work late"
"202","right hug"
"203","work 2"
"204","solid foods"
"205","work Stupid"
"206","favorite bands"
"207","right foot"
"208","work finished"
"209","positive tested"
"210","work wishing"
"211","recovery data"
"212","sharp pain"
"213","super long"
"214","beautiful "
"215","work dreading"
"216","sweet tea"
"217","peace Farrah"
"218","well pretty"
"219","good co"
"220","work schedule"
"221","protection progra"
"222","mighty "
"223","hot Its"
"224","good thoughts"
"225","fun no"
"226","love affair"
"227","sharp pains"
"228","hot flashes"
"229","lucky yourself"
"230","fun less"
"231","work ahead"
"232","better known"
"233","loving Not"
"234","right awake"
"235","supreme leader"
"236","hot soooo"
"237","survivor titanic"
"238","best song"
"239","right crying"
"240","favorite "
"241","super fast"
"242","fast super"
"243","clean house"
"244","peace farrah"
"245","free sugar"
"246","hot ridiculously"
"247","angel beloved"
"248","well "
"249","proper gutted"
"250","work blood"
"251","good girl"
"252","loves Nobody"
"253","whoa whoa"
"254","passion pit"
"255","super la"
"256","holy cow"
"257","whoa whoa"
"258","work to"
"259","best idea"
"260","cool not"
"261","pretty Feeling"
"262","great song"
"263","lucky bitch"
"264","sincere condolences"
"265","right nowww"
"266","work dont"
"267","fans Aussie"
"268","pretty hard"
"269","strong Stay"
"270","well ok"
"271","hot dog"
"272","gain weight"
"273","work Another"
"274","won lakers"
"275","interesting anything"
"276","idol A"
"277","good seats"
"278","pretty disappointing"
"279","pretty awful"
"280","goodness gracious"
"281","gracious goodness"
"282","right hot"
"283","better You"
"284","warm enough"
"285","enough war"
"286","best drea"
"287","right upset"
"288","worth weeks"
"289","well aww"
"290","fair isnt"
"291","pretty nice"
"292","better asap"
"293","pretty dresses"
"294","pretty lonely"
"295","nice pretty"
"296","golden gate"
"297","super stressed"
"298","heartfelt condolences"
"299","friendly user"
"300","right headache"
"301","hot soo"
"302","gained ve"
"303","super boring"
"304","well ahh"
"305","good NOT"
"306","lucky soo"
"307","hot extre"
"308","fun isnt"
"309","work dental"
"310","lucky You"
"311","fair share"
"312","mighty boosh"
"313","work finish"
"314","fresh fruit"
"315","brighter side"
"316","smart enough"
"317","enough s"
"318","hug wanna"
"319","super nice"
"320","enough cash"
"321","well gets"
"322","recover fully"
"323","fair "
"324","worth fort"
"325","super aweso"
"326","hot bloody"
"327","work to"
"328","hug huge"
"329","work during"
"330","good grief"
"331","works who"
"332","cleaner vacuu"
"333","gold fish"
"334","fast forward"
"335","right knee"
"336","lucky sod"
"337","work t"
"338","goood "
"339","fast travel"
"340","sparkling water"
"341","cool NOT"
"342","good byes"
"343","woo woo"
"344","favorite jeans"
"345","promising look"
"346","healthy eat"
"347","gold logie"
"348","fast real"
"349","loves everyone"
"350","gorgeous outside"
"351","solid food"
"352","significant others"
"353","right turn"
"354","woo woo"
"355","pride parade"
"356","recovery quick"
"357","right shoulder"
"358","pretty sick"
"359","thrilled Not"
"360","available seats"
"361","enjoys everyone"
"362","good feelin"
"363","good looking"
"364","award "
"365","pretty scary"
"366","enough hours"
"367","super fun"
"368","cute outfit"
"369","super sore"
"370","fav song"
"371","clean clothes"
"372","cheer So"
"373","fun not"
"374","super glue"
"375","hot air"
"376","exciting anything"
"377","hot effing"
"378","pretty slow"
"379","super late"
"380","awards astra"
"381","super jealous"
"382","wealthy independently"
"383","strong wind"
"384","fair skinned"
"385","awards BET"
"386","top To"
"387","well yeah"
"388","right lonely"
"389","good real"
"390","happy jan"
"391","works Nothing"
"392","heaven fishy"
"393","pretty rubbish"
"394","right cry"
"395","hardy jeff"
"396","bless ya"
"397","good anything"
"398","promised You"
"399","works great"
"400","great grand"
"401","pretty tired"
"402","properly walk"
"403","ready stuff"
"404","love to"
"405","free co"
"406","quiet lately"
"407","right confused"
"408","work course"
"409","hot ass"
"410","good Nothing"
"411","enough roo"
"412","well ill"
"413","nice ones"
"414","right Dallas"
"415","support custo"
"416","amazing pretty"
"417","lucky bastard"
"418","tidy roo"
"419","decent pretty"
"420","tops tank"
"421","advantage taken"
"422","favorite aunt"
"423","right "
"424","easy pretty"
"425","right hungry"
"426","master chef"
"427","enough s"
"428","favorite character"
"429","clean install"
"430","redeem codes"
"431","afford tickets"
"432","nice playing"
"433","cute girl"
"434","incredibly sick"
"435","favorite shirt"
"436","fun sound"
"437","reasonable price"
"438","hot glue"
"439","good own"
"440","significant other"
"441","work to"
"442","work leaving"
"443","warm bed"
"444","well atleast"
"445","super I"
"446","cute boys"
"447","hot guys"
"448","healthy eating"
"449","bright outside"
"450","work hour"
"451","grand torino"
"452","right annoyed"
"453","promising looking"
"454","work Trying"
"455","top gear"
"456","right asleep"
"457","perfect dress"
"458","beloved Our"
"459","fast approaching"
"460","well thank"
"461","good "
"462","work to"
"463","trust issues"
"464","magic wand"
"465","productive anything"
"466","decent sleep"
"467","luck Trying"
"468","enough near"
"469","lovely Another"
"470","unlimited txting"
"471","right shit"
"472","work Got"
"473","helping NOT"
"474","happy not"
"475","right "
"476","fast goes"
"477","hot blazing"
"478","better goes"
"479","well sleeping"
"480","savings daylight"
"481","sexy dirty"
"482","pretty girl"
"483","enough $"
"484","won shoulda"
"485","lovely sunshine"
"486","hot pocket"
"487","awards NHL"
"488","important "
"489","amazes It"
"490","well hopefully"
"491","better lil"
"492","approval process"
"493","work paper"
"494","hallmark channel"
"495","work related"
"496","right frustrated"
"497","right through"
"498","right noww"
"499","work weekends"
"500","good aint"
"501","yay yay"
"502","lucky sooo"
"503","exciting Nothing"
"504","right beside"
"505","right yeah"
"506","amazing drea"
"507","pretty bored"
"508","warm luke"
"509","best re"
"510","right world"
"511","work Yard"
"512","fav shows"
"513","survivor re"
"514","right sleeping"
"515","cum bck"
"516","hot freakin"
"517","healthy eating"
"518","work Getting"
"519","glory found"
"520","support request"
"521","super super"
"522","available currently"
"523","favorite shirts"
"524","right youre"
"525","accomplished nothing"
"526","beautiful girl"
"527","willing anyone"
"528","super super"
"529","work boo"
"530","hot freakin"
"531","tops "
"532","fun NO"
"533","luck no"
"534","glad Be"
"535","porn stars"
"536","free tix"
"537","best guy"
"538","support act"
"539","better start"
"540","savvy tech"
"541","hug el"
"542","best "
"543","pretty gri"
"544","fortune teller"
"545","super cool"
"546","reasonable hour"
"547","top desk"
"548","right wrist"
"549","work outta"
"550","hot soooooo"
"551","gloriously sunny"
"552","porn spa"
"553","clean "
"554","work In"
"555","top On"
"556","refreshing keep"
"557","good lord"
"558","heaven doggy"
"559","good "
"560","free passes"
"561","top chef"
"562","awards cere"
"563","redeem code"
"564","awards CMA"
"565","lucky Your"
"566","hot scorching"
"567","correct reading"
"568","lean cuisine"
"569","super depressed"
"570","peace find"
"571","work to"
"572","right ca"
"573","goodness sake"
"574","unlimited texts"
"575","♥ MCFLY"
"576","well goodnight"
"577","hardy party"
"578","fast asleep"
"579","porn spa"
"580","easy task"
"581","enough "
"582","love Id"
"583","properly type"
"584","worked hasnt"
"585","well oh"
"586","peach cobbler"
"587","well Ok"
"588","free todo"
"589","winners Trivia"
"590","welcome Your"
"591","fave song"
"592","sweet sweet"
"593","available Not"
"594","good looked"
"595","calm stay"
"596","work Then"
"597","happy birthday´s"
"598","well coping"
"599","compatible 30"
"600","work Back"
"601","protection progra"
"602","work at"
"603","win 7"
"604","fair ren"
"605","good idea"
"606","pretty depressing"
"607","top lip"
"608","hot coco"
"609","hail stor"
"610","right "
"611","easy way"
"612","super disappointed"
"613","tough ti"
"614","perfect world"
"615","better half"
"616","right sound"
"617","happy everyone"
"618","happy chappy"
"619","genuine threat"
"620","nice picturequot"
"621","gracious Goodness"
"622","nice knowing"
"623","clean wanna"
"624","tidy "
"625","cleared accidentally"
"626","right beach"
"627","wow bow"
"628","ready NOT"
"629","work to"
"630","favorite pen"
"631","work clothes"
"632","coolest present"
"633","right "
"634","well aw"
"635","pure torture"
"636","super upset"
"637","helpful advice"
"638","loved those"
"639","celebrate fathers"
"640","pretty sight"
"641","work Morning"
"642","wonder y"
"643","jolly ranchers"
"644","work saturday"
"645","readily available"
"646","available readily"
"647","love unrequited"
"648","safe "
"649","interesting pretty"
"650","favorite local"
"651","luck Any"
"652","survivor Last"
"653","safe drive"
"654","reasonably priced"
"655","great fun"
"656","win You"
"657","work Such"
"658","exciting "
"659","work beckons"
"660","quiet awfully"
"661","available tickets"
"662","well ive"
"663","courage liquid"
"664","solid eat"
"665","work bored"
"666","soundly sleeping"
"667","greatest "
"668","led which"
"669","welcome Clubhouse"
"670","hot SO"
"671","work 2nite"
"672","won Chelsea"
"673","proper "
"674","easy "
"675","inexpensive ecofriendly"
"676","serenity ~"
"677","recovery full"
"678","work Had"
"679","wow playing"
"680","free apps"
"681","spontaneous co"
"682","available online"
"683","pretty ill"
"684","hot pretty"
"685","hot sooooo"
"686","right decision"
"687","fans aussie"
"688","pretty gutted"
"689","sweet Bitter"
"690","work no"
"691","teeth wisdom"
"692","oh well"
"693","at work"
"694","gets better"
"695","not good"
"696","tooth wisdom"
"697","not happy"
"698","doesnt work"
"699","gotta work"
"700","feels better"
"701","o well"
"702","feel better"
"703","water hot"
"704","outside hot"
"705","didnt win"
"706","ya love"
"707","not cool"
"708","ah well"
"709","tired super"
"710","wont work"
"711","not fair"
"712"," enough"
"713","didnt work"
"714","looking good"
"715","weather nice"
"716","early work"
"717","enough good"
"718","outside nice"
"719","bye good"
"720","not fun"
"721","not liking"
"722","duper super"
"723","ca happy"
"724","bunny happy"
"725","til work"
"726","crap holy"
"727","weather hot"
"728","who won"
"729","bored super"
"730","food fast"
"731"," fun"
"732","sound good"
"733","such luck"
"734","get well"
"735","wanna work"
"736","bu super"
"737","ah well"
"738","sick super"
"739","ones loved"
"740","gettin ready"
"741","look good"
"742","tech support"
"743","enough fast"
"744","fast enough"
"745","father happy"
"746","shit holy"
"747","uni work"
"748","done well"
"749"," good"
"750","society humane"
"751","least favorite"
"752","cool enough"
"753","early super"
"754","Titanic survivor"
"755","weight gaining"
"756","not enough"
"757","side right"
"758","prize winning"
"759","winning prize"
"760","college work"
"761","prix grand"
"762","too hot"
"763","busy super"
"764","ending happy"
"765","weight gain"
"766","outside beautiful"
"767","hand right"
"768","anything win"
"769","oh joy"
"770","start work"
"771","bode well"
"772","not ready"
"773","felt better"
"774","fun fun"
"775","get better"
"776","aweso pretty"
"777","pretty awesome"
"778","enough cool"
"779","gotta clean"
"780","crappy pretty"
"781","ko gusto"
"782","eye right"
"783","sign good"
"784","speedy recovery"
"785","recovery speedy"
"786","sleep enough"
"787","finding luck"
"788"," awards"
"789","2 work"
"790","lap top"
"791","sooo hot"
"792","enough strong"
"793","strong enough"
"794","Not impressed"
"795","Gotta work"
"796","girl lucky"
"797","ohh well"
"798","bu pretty"
"799","princess protection"
"800","weight gained"
"801","longer available"
"802","bitter sweet"
"803","retriever golden"
"804","depressed right"
"805","ones good"
"806","nothing exciting"
"807","slow super"
"808","everything works"
"809","bar genius"
"810","freaking hot"
"811","O well"
"812","nobody loves"
"813","nothing interesting"
"814","boiling hot"
"815","nothing good"
"816","longer works"
"817","li exceeded"
"818","enough well"
"819","anything right"
"820","ear right"
"821","pretty sweet"
"822","ar right"
"823","girl sweet"
"824","Cant afford"
"825","cannot afford"
"826","fine works"
"827","works fine"
"828","hungry super"
"829","2day work"
"830","boring pretty"
"831"," best"
"832","who wins"
"833","properly work"
"834","nothing works"
"835","d better"
"836","shows good"
"837","treat silent"
"838","gay pride"
"839","worst luck"
"840","song good"
"841"," recovery"
"842","co good"
"843","feelin well"
"844","who loves"
"845","Better luck"
"846","sleepy super"
"847","food comfort"
"848","Bad luck"
"849","song favorite"
"850","happy right"
"851","tea hot"
"852","c awards"
"853","luck better"
"854","to work"
"855","leg right"
"856","NOT happy"
"857","char lucky"
"858","upset pretty"
"859","quick enough"
"860","experience work"
"861","pissed super"
"862","outside warm"
"863","red bright"
"864","note brighter"
"865","pain right"
"866","single best"
"867"," best"
"868","$ worth"
"869","society honor"
"870","bored incredibly"
"871"," fun"
"872","Gotta clean"
"873","guy hot"
"874","died survivor"
"875","couldnt afford"
"876","badly pretty"
"877","isnt helping"
"878","oh well"
"879","Not nice"
"880","NOT fun"
"881","Not enjoying"
"882","space enough"
"883","dont love"
"884","nearly enough"
"885","Not excited"
"886","tickets win"
"887","enough lucky"
"888","lucky enough"
"889","Oh great"
"890","not good"
"891","late work"
"892","hug right"
"893","2 work"
"894","foods solid"
"895","Stupid work"
"896","bands favorite"
"897","foot right"
"898","finished work"
"899","tested positive"
"900","wishing work"
"901","data recovery"
"902","pain sharp"
"903","long super"
"904"," beautiful"
"905","dreading work"
"906","tea sweet"
"907","Farrah peace"
"908","pretty well"
"909","co good"
"910","schedule work"
"911","progra protection"
"912"," mighty"
"913","Its hot"
"914","thoughts good"
"915","no fun"
"916","affair love"
"917","pains sharp"
"918","flashes hot"
"919","yourself lucky"
"920","less fun"
"921","ahead work"
"922","known better"
"923","Not loving"
"924","awake right"
"925","leader supreme"
"926","soooo hot"
"927","titanic survivor"
"928","song best"
"929","crying right"
"930"," favorite"
"931","fast super"
"932","super fast"
"933","house clean"
"934","farrah peace"
"935","sugar free"
"936","ridiculously hot"
"937","beloved angel"
"938"," well"
"939","gutted proper"
"940","blood work"
"941","girl good"
"942","Nobody loves"
"943","whoa whoa"
"944","pit passion"
"945","la super"
"946","cow holy"
"947","whoa whoa"
"948","to work"
"949","idea best"
"950","not cool"
"951","Feeling pretty"
"952","song great"
"953","bitch lucky"
"954","condolences sincere"
"955","nowww right"
"956","dont work"
"957","Aussie fans"
"958","hard pretty"
"959","Stay strong"
"960","ok well"
"961","dog hot"
"962","weight gain"
"963","Another work"
"964","lakers won"
"965","anything interesting"
"966","A idol"
"967","seats good"
"968","disappointing pretty"
"969","awful pretty"
"970","gracious goodness"
"971","goodness gracious"
"972","hot right"
"973","You better"
"974","enough warm"
"975","war enough"
"976","drea best"
"977","upset right"
"978","weeks worth"
"979","aww well"
"980","isnt fair"
"981","nice pretty"
"982","asap better"
"983","dresses pretty"
"984","lonely pretty"
"985","pretty nice"
"986","gate golden"
"987","stressed super"
"988","condolences heartfelt"
"989","user friendly"
"990","headache right"
"991","soo hot"
"992","ve gained"
"993","boring super"
"994","ahh well"
"995","NOT good"
"996","soo lucky"
"997","extre hot"
"998","isnt fun"
"999","dental work"
"1000","You lucky"
"1001","share fair"
"1002","boosh mighty"
"1003","finish work"
"1004","fruit fresh"
"1005","side brighter"
"1006","enough smart"
"1007","s enough"
"1008","wanna hug"
"1009","nice super"
"1010","cash enough"
"1011","gets well"
"1012","fully recover"
"1013"," fair"
"1014","fort worth"
"1015","aweso super"
"1016","bloody hot"
"1017","to work"
"1018","huge hug"
"1019","during work"
"1020","grief good"
"1021","who works"
"1022","vacuu cleaner"
"1023","fish gold"
"1024","forward fast"
"1025","knee right"
"1026","sod lucky"
"1027","t work"
"1028"," goood"
"1029","travel fast"
"1030","water sparkling"
"1031","NOT cool"
"1032","byes good"
"1033","woo woo"
"1034","jeans favorite"
"1035","look promising"
"1036","eat healthy"
"1037","logie gold"
"1038","real fast"
"1039","everyone loves"
"1040","outside gorgeous"
"1041","food solid"
"1042","others significant"
"1043","turn right"
"1044","woo woo"
"1045","parade pride"
"1046","quick recovery"
"1047","shoulder right"
"1048","sick pretty"
"1049","Not thrilled"
"1050","seats available"
"1051","everyone enjoys"
"1052","feelin good"
"1053","looking good"
"1054"," award"
"1055","scary pretty"
"1056","hours enough"
"1057","fun super"
"1058","outfit cute"
"1059","sore super"
"1060","song fav"
"1061","clothes clean"
"1062","So cheer"
"1063","not fun"
"1064","glue super"
"1065","air hot"
"1066","anything exciting"
"1067","effing hot"
"1068","slow pretty"
"1069","late super"
"1070","astra awards"
"1071","jealous super"
"1072","independently wealthy"
"1073","wind strong"
"1074","skinned fair"
"1075","BET awards"
"1076","To top"
"1077","yeah well"
"1078","lonely right"
"1079","real good"
"1080","jan happy"
"1081","Nothing works"
"1082","fishy heaven"
"1083","rubbish pretty"
"1084","cry right"
"1085","jeff hardy"
"1086","ya bless"
"1087","anything good"
"1088","You promised"
"1089","great works"
"1090","grand great"
"1091","tired pretty"
"1092","walk properly"
"1093","stuff ready"
"1094","to love"
"1095","co free"
"1096","lately quiet"
"1097","confused right"
"1098","course work"
"1099","ass hot"
"1100","Nothing good"
"1101","roo enough"
"1102","ill well"
"1103","ones nice"
"1104","Dallas right"
"1105","custo support"
"1106","pretty amazing"
"1107","bastard lucky"
"1108","roo tidy"
"1109","pretty decent"
"1110","tank tops"
"1111","taken advantage"
"1112","aunt favorite"
"1113"," right"
"1114","pretty easy"
"1115","hungry right"
"1116","chef master"
"1117","s enough"
"1118","character favorite"
"1119","install clean"
"1120","codes redeem"
"1121","tickets afford"
"1122","playing nice"
"1123","girl cute"
"1124","sick incredibly"
"1125","shirt favorite"
"1126","sound fun"
"1127","price reasonable"
"1128","glue hot"
"1129","own good"
"1130","other significant"
"1131","to work"
"1132","leaving work"
"1133","bed warm"
"1134","atleast well"
"1135","I super"
"1136","boys cute"
"1137","guys hot"
"1138","eating healthy"
"1139","outside bright"
"1140","hour work"
"1141","torino grand"
"1142","annoyed right"
"1143","looking promising"
"1144","Trying work"
"1145","gear top"
"1146","asleep right"
"1147","dress perfect"
"1148","Our beloved"
"1149","approaching fast"
"1150","thank well"
"1151"," good"
"1152","to work"
"1153","issues trust"
"1154","wand magic"
"1155","anything productive"
"1156","sleep decent"
"1157","Trying luck"
"1158","near enough"
"1159","Another lovely"
"1160","txting unlimited"
"1161","shit right"
"1162","Got work"
"1163","NOT helping"
"1164","not happy"
"1165"," right"
"1166","goes fast"
"1167","blazing hot"
"1168","goes better"
"1169","sleeping well"
"1170","daylight savings"
"1171","dirty sexy"
"1172","girl pretty"
"1173","$ enough"
"1174","shoulda won"
"1175","sunshine lovely"
"1176","pocket hot"
"1177","NHL awards"
"1178"," important"
"1179","It amazes"
"1180","hopefully well"
"1181","lil better"
"1182","process approval"
"1183","paper work"
"1184","channel hallmark"
"1185","related work"
"1186","frustrated right"
"1187","through right"
"1188","noww right"
"1189","weekends work"
"1190","aint good"
"1191","yay yay"
"1192","sooo lucky"
"1193","Nothing exciting"
"1194","beside right"
"1195","yeah right"
"1196","drea amazing"
"1197","bored pretty"
"1198","luke warm"
"1199","re best"
"1200","world right"
"1201","Yard work"
"1202","shows fav"
"1203","re survivor"
"1204","sleeping right"
"1205","bck cum"
"1206","freakin hot"
"1207","eating healthy"
"1208","Getting work"
"1209","found glory"
"1210","request support"
"1211","super super"
"1212","currently available"
"1213","shirts favorite"
"1214","youre right"
"1215","nothing accomplished"
"1216","girl beautiful"
"1217","anyone willing"
"1218","super super"
"1219","boo work"
"1220","freakin hot"
"1221"," tops"
"1222","NO fun"
"1223","no luck"
"1224","Be glad"
"1225","stars porn"
"1226","tix free"
"1227","guy best"
"1228","act support"
"1229","start better"
"1230","tech savvy"
"1231","el hug"
"1232"," best"
"1233","gri pretty"
"1234","teller fortune"
"1235","cool super"
"1236","hour reasonable"
"1237","desk top"
"1238","wrist right"
"1239","outta work"
"1240","soooooo hot"
"1241","sunny gloriously"
"1242","spa porn"
"1243"," clean"
"1244","In work"
"1245","On top"
"1246","keep refreshing"
"1247","lord good"
"1248","doggy heaven"
"1249"," good"
"1250","passes free"
"1251","chef top"
"1252","cere awards"
"1253","code redeem"
"1254","CMA awards"
"1255","Your lucky"
"1256","scorching hot"
"1257","reading correct"
"1258","cuisine lean"
"1259","depressed super"
"1260","find peace"
"1261","to work"
"1262","ca right"
"1263","sake goodness"
"1264","texts unlimited"
"1265","MCFLY ♥"
"1266","goodnight well"
"1267","party hardy"
"1268","asleep fast"
"1269","spa porn"
"1270","task easy"
"1271"," enough"
"1272","Id love"
"1273","type properly"
"1274","hasnt worked"
"1275","oh well"
"1276","cobbler peach"
"1277","Ok well"
"1278","todo free"
"1279","Trivia winners"
"1280","Your welcome"
"1281","song fave"
"1282","sweet sweet"
"1283","Not available"
"1284","looked good"
"1285","stay calm"
"1286","Then work"
"1287","birthday´s happy"
"1288","coping well"
"1289","30 compatible"
"1290","Back work"
"1291","progra protection"
"1292","at work"
"1293","7 win"
"1294","ren fair"
"1295","idea good"
"1296","depressing pretty"
"1297","lip top"
"1298","coco hot"
"1299","stor hail"
"1300"," right"
"1301","way easy"
"1302","disappointed super"
"1303","ti tough"
"1304","world perfect"
"1305","half better"
"1306","sound right"
"1307","everyone happy"
"1308","chappy happy"
"1309","threat genuine"
"1310","picturequot nice"
"1311","Goodness gracious"
"1312","knowing nice"
"1313","wanna clean"
"1314"," tidy"
"1315","accidentally cleared"
"1316","beach right"
"1317","bow wow"
"1318","NOT ready"
"1319","to work"
"1320","pen favorite"
"1321","clothes work"
"1322","present coolest"
"1323"," right"
"1324","aw well"
"1325","torture pure"
"1326","upset super"
"1327","advice helpful"
"1328","those loved"
"1329","fathers celebrate"
"1330","sight pretty"
"1331","Morning work"
"1332","y wonder"
"1333","ranchers jolly"
"1334","saturday work"
"1335","available readily"
"1336","readily available"
"1337","unrequited love"
"1338"," safe"
"1339","pretty interesting"
"1340","local favorite"
"1341","Any luck"
"1342","Last survivor"
"1343","drive safe"
"1344","priced reasonably"
"1345","fun great"
"1346","You win"
"1347","Such work"
"1348"," exciting"
"1349","beckons work"
"1350","awfully quiet"
"1351","tickets available"
"1352","ive well"
"1353","liquid courage"
"1354","eat solid"
"1355","bored work"
"1356","sleeping soundly"
"1357"," greatest"
"1358","which led"
"1359","Clubhouse welcome"
"1360","SO hot"
"1361","2nite work"
"1362","Chelsea won"
"1363"," proper"
"1364"," easy"
"1365","ecofriendly inexpensive"
"1366","~ serenity"
"1367","full recovery"
"1368","Had work"
"1369","playing wow"
"1370","apps free"
"1371","co spontaneous"
"1372","online available"
"1373","ill pretty"
"1374","pretty hot"
"1375","sooooo hot"
"1376","decision right"
"1377","aussie fans"
"1378","gutted pretty"
"1379","Bitter sweet"
"1380","no work"
